"SALES","QTR_ID","MONTH_ID","YEAR_ID","PRODUCTLINE"
2871,1,2,2003,"Motorcycles"
2765.9,2,5,2003,"Motorcycles"
3884.34,3,7,2003,"Motorcycles"
3746.7,3,8,2003,"Motorcycles"
5205.27,4,10,2003,"Motorcycles"
3479.76,4,10,2003,"Motorcycles"
2497.77,4,11,2003,"Motorcycles"
5512.32,4,11,2003,"Motorcycles"
2168.54,4,12,2003,"Motorcycles"
4708.44,1,1,2004,"Motorcycles"
3965.66,1,2,2004,"Motorcycles"
2333.12,2,4,2004,"Motorcycles"
3188.64,2,5,2004,"Motorcycles"
3676.76,2,6,2004,"Motorcycles"
4177.35,3,7,2004,"Motorcycles"
4099.68,3,8,2004,"Motorcycles"
2597.39,3,9,2004,"Motorcycles"
4394.38,4,10,2004,"Motorcycles"
4358.04,4,11,2004,"Motorcycles"
4396.14,4,11,2004,"Motorcycles"
7737.93,4,11,2004,"Motorcycles"
1451,4,12,2004,"Motorcycles"
733.11,1,2,2005,"Motorcycles"
3207.12,1,3,2005,"Motorcycles"
2434.56,2,4,2005,"Motorcycles"
7516.08,2,5,2005,"Motorcycles"
5404.62,1,1,2003,"Classic Cars"
7209.11,1,3,2003,"Classic Cars"
7329.06,2,5,2003,"Classic Cars"
7374.1,3,7,2003,"Classic Cars"
10993.5,3,9,2003,"Classic Cars"
4860.24,4,10,2003,"Classic Cars"
8014.82,4,11,2003,"Classic Cars"
5372.57,4,11,2003,"Classic Cars"
7290.36,4,11,2003,"Classic Cars"
9064.89,4,12,2003,"Classic Cars"
6075.3,1,1,2004,"Classic Cars"
6463.23,1,3,2004,"Classic Cars"
6120.34,2,5,2004,"Classic Cars"
7680.64,2,6,2004,"Classic Cars"
4905.39,3,7,2004,"Classic Cars"
8014.82,3,8,2004,"Classic Cars"
7136.19,3,9,2004,"Classic Cars"
10172.7,4,10,2004,"Classic Cars"
11623.7,4,10,2004,"Classic Cars"
6000.4,4,11,2004,"Classic Cars"
3003,4,11,2004,"Classic Cars"
3944.7,4,11,2004,"Classic Cars"
5691.84,4,12,2004,"Classic Cars"
4514.92,1,1,2005,"Classic Cars"
8254.8,1,2,2005,"Classic Cars"
2416.56,1,3,2005,"Classic Cars"
4140.23,2,5,2005,"Classic Cars"
12001,2,5,2005,"Classic Cars"
3896.49,1,2,2003,"Motorcycles"
2793.86,2,4,2003,"Motorcycles"
3307.77,3,7,2003,"Motorcycles"
5192.95,3,8,2003,"Motorcycles"
5016.83,4,10,2003,"Motorcycles"
3660.93,4,10,2003,"Motorcycles"
4695.6,4,11,2003,"Motorcycles"
3660.92,4,11,2003,"Motorcycles"
3025.92,4,12,2003,"Motorcycles"
3009.09,1,1,2004,"Motorcycles"
5422.39,1,2,2004,"Motorcycles"
2852.08,2,4,2004,"Motorcycles"
5756.52,2,5,2004,"Motorcycles"
4472,2,6,2004,"Motorcycles"
2904.44,3,7,2004,"Motorcycles"
6484.59,3,8,2004,"Motorcycles"
3757.26,3,9,2004,"Motorcycles"
4043.96,4,10,2004,"Motorcycles"
5566.5,4,11,2004,"Motorcycles"
3176,4,11,2004,"Motorcycles"
2756.8,4,11,2004,"Motorcycles"
1329.9,4,12,2004,"Motorcycles"
5288.01,1,2,2005,"Motorcycles"
2225.5,1,3,2005,"Motorcycles"
5833.8,2,4,2005,"Motorcycles"
5887.35,2,5,2005,"Motorcycles"
6065.55,1,2,2003,"Motorcycles"
9264.86,2,4,2003,"Motorcycles"
7023.98,3,7,2003,"Motorcycles"
5176.38,3,8,2003,"Motorcycles"
4132.7,4,10,2003,"Motorcycles"
4183,4,10,2003,"Motorcycles"
8892.9,4,11,2003,"Motorcycles"
8714.7,4,11,2003,"Motorcycles"
8065.89,4,12,2003,"Motorcycles"
6123.4,1,1,2004,"Motorcycles"
9774.03,1,2,2004,"Motorcycles"
7023.9,2,4,2004,"Motorcycles"
7078.23,2,5,2004,"Motorcycles"
8336.94,2,6,2004,"Motorcycles"
6901.92,3,7,2004,"Motorcycles"
5438.07,3,8,2004,"Motorcycles"
6683.34,3,9,2004,"Motorcycles"
4570.4,4,10,2004,"Motorcycles"
7667.14,4,11,2004,"Motorcycles"
5868.2,4,11,2004,"Motorcycles"
2990.13,4,11,2004,"Motorcycles"
3664.1,1,1,2005,"Motorcycles"
3834.38,1,2,2005,"Motorcycles"
1822.17,1,3,2005,"Motorcycles"
11886.6,2,4,2005,"Motorcycles"
9218.16,2,5,2005,"Motorcycles"
7208,1,2,2003,"Classic Cars"
5004.8,2,4,2003,"Classic Cars"
4398.24,2,6,2003,"Classic Cars"
5597.76,3,8,2003,"Classic Cars"
4526.08,4,10,2003,"Classic Cars"
5924.16,4,10,2003,"Classic Cars"
3492.48,4,11,2003,"Classic Cars"
3854.24,4,11,2003,"Classic Cars"
5324.4,4,11,2003,"Classic Cars"
5197.92,1,1,2004,"Classic Cars"
5997.6,1,2,2004,"Classic Cars"
2910.4,2,5,2004,"Classic Cars"
3378.24,2,6,2004,"Classic Cars"
3508.8,3,7,2004,"Classic Cars"
2992,3,8,2004,"Classic Cars"
3427.2,3,9,2004,"Classic Cars"
2692.8,4,10,2004,"Classic Cars"
4128.96,4,11,2004,"Classic Cars"
3051.71,4,11,2004,"Classic Cars"
1201.25,4,11,2004,"Classic Cars"
1962.22,4,12,2004,"Classic Cars"
2624.64,4,12,2004,"Classic Cars"
4046.25,1,1,2005,"Classic Cars"
4846.7,1,2,2005,"Classic Cars"
3370.56,1,3,2005,"Classic Cars"
9661.44,2,4,2005,"Classic Cars"
2764.88,2,5,2005,"Classic Cars"
5398.26,1,1,2003,"Classic Cars"
4305.28,2,4,2003,"Classic Cars"
3347.74,2,5,2003,"Classic Cars"
3188.12,3,7,2003,"Classic Cars"
3191.2,3,9,2003,"Classic Cars"
3536.82,4,10,2003,"Classic Cars"
5362.83,4,11,2003,"Classic Cars"
3433.36,4,11,2003,"Classic Cars"
4263.74,4,11,2003,"Classic Cars"
4076.19,4,12,2003,"Classic Cars"
7020.48,1,2,2004,"Classic Cars"
6426.5,1,3,2004,"Classic Cars"
4591.72,2,5,2004,"Classic Cars"
4033.38,2,6,2004,"Classic Cars"
4302.08,3,7,2004,"Classic Cars"
7020.64,3,8,2004,"Classic Cars"
3855.9,3,9,2004,"Classic Cars"
6680.78,4,10,2004,"Classic Cars"
6678,4,10,2004,"Classic Cars"
2851.54,4,11,2004,"Classic Cars"
3188.12,4,11,2004,"Classic Cars"
4428,4,11,2004,"Classic Cars"
5780.92,4,12,2004,"Classic Cars"
2297.05,1,1,2005,"Classic Cars"
6231.54,1,2,2005,"Classic Cars"
1735.3,1,3,2005,"Classic Cars"
4427.73,2,5,2005,"Classic Cars"
5894.94,2,5,2005,"Classic Cars"
5265.15,1,3,2003,"Classic Cars"
7599.9,2,5,2003,"Classic Cars"
8008.56,3,7,2003,"Classic Cars"
9245.76,3,9,2003,"Classic Cars"
8296.35,4,10,2003,"Classic Cars"
5019.9,4,11,2003,"Classic Cars"
5411.07,4,11,2003,"Classic Cars"
3840.9,4,11,2003,"Classic Cars"
3930.4,4,12,2003,"Classic Cars"
7498.9,1,1,2004,"Classic Cars"
4517.91,1,2,2004,"Classic Cars"
5774.72,2,4,2004,"Classic Cars"
3922.56,2,6,2004,"Classic Cars"
9160.36,3,7,2004,"Classic Cars"
9631,3,8,2004,"Classic Cars"
3432.24,3,8,2004,"Classic Cars"
5521.89,4,10,2003,"Classic Cars"
6934.62,4,10,2004,"Classic Cars"
6876.11,4,11,2004,"Classic Cars"
2930.27,4,11,2004,"Classic Cars"
3584.25,4,11,2004,"Classic Cars"
2817.87,1,1,2005,"Classic Cars"
3420,1,2,2005,"Classic Cars"
2575.04,1,3,2005,"Classic Cars"
1961.28,2,5,2005,"Classic Cars"
8690.36,1,2,2003,"Classic Cars"
6034.38,2,4,2003,"Classic Cars"
11279.2,2,6,2003,"Classic Cars"
8023.29,3,8,2003,"Classic Cars"
4904,3,9,2003,"Classic Cars"
8594.52,4,10,2003,"Classic Cars"
7474.5,4,11,2003,"Classic Cars"
3883.74,4,11,2003,"Classic Cars"
8887.7,4,11,2003,"Classic Cars"
8602.92,1,1,2004,"Classic Cars"
7181.44,1,2,2004,"Classic Cars"
8378.58,1,3,2004,"Classic Cars"
10606.2,2,5,2004,"Classic Cars"
5818.4,3,7,2004,"Classic Cars"
7071.27,3,8,2004,"Classic Cars"
8411.56,3,9,2004,"Classic Cars"
6570.76,4,10,2004,"Classic Cars"
7975.44,4,10,2004,"Classic Cars"
2688,4,11,2004,"Classic Cars"
1888.26,4,11,2004,"Classic Cars"
2513.28,4,11,2004,"Classic Cars"
4764.48,4,12,2004,"Classic Cars"
3560.64,1,1,2005,"Classic Cars"
3823.64,1,2,2005,"Classic Cars"
2280.96,1,3,2005,"Classic Cars"
8677.8,2,5,2005,"Classic Cars"
3394.98,1,1,2003,"Trucks and Buses"
3415.44,1,3,2003,"Trucks and Buses"
2439.57,2,5,2003,"Trucks and Buses"
4829.8,3,7,2003,"Trucks and Buses"
4100.1,3,9,2003,"Trucks and Buses"
6563.06,4,10,2003,"Trucks and Buses"
6817.22,4,11,2003,"Trucks and Buses"
6163.94,4,11,2003,"Trucks and Buses"
4933.92,4,11,2003,"Trucks and Buses"
4056.36,4,12,2003,"Trucks and Buses"
5759.42,1,2,2004,"Trucks and Buses"
3451,1,3,2004,"Trucks and Buses"
5920.4,2,5,2004,"Trucks and Buses"
6668.24,2,6,2004,"Trucks and Buses"
4094.72,3,7,2004,"Trucks and Buses"
2938.5,3,8,2004,"Trucks and Buses"
6387.8,3,9,2004,"Trucks and Buses"
6396,4,10,2004,"Trucks and Buses"
2669.1,4,10,2004,"Trucks and Buses"
4784.13,4,11,2004,"Trucks and Buses"
3273.93,4,11,2004,"Trucks and Buses"
3586.43,4,11,2004,"Trucks and Buses"
5960.36,4,12,2004,"Trucks and Buses"
8470.14,1,1,2005,"Trucks and Buses"
2952,1,2,2005,"Trucks and Buses"
2464.8,1,3,2005,"Trucks and Buses"
6232,2,5,2005,"Trucks and Buses"
7969.36,2,5,2005,"Trucks and Buses"
3036.6,1,2,2003,"Motorcycles"
8284,2,5,2003,"Motorcycles"
2711.2,3,7,2003,"Motorcycles"
8339.8,3,8,2003,"Motorcycles"
6238.84,4,10,2003,"Motorcycles"
4639.25,4,11,2003,"Motorcycles"
6747.6,4,11,2003,"Motorcycles"
4512.48,4,11,2003,"Motorcycles"
4029,4,12,2003,"Motorcycles"
4771.8,1,1,2004,"Motorcycles"
6087.94,1,2,2004,"Motorcycles"
4193.28,2,4,2004,"Motorcycles"
7552.28,2,5,2004,"Motorcycles"
6434.4,2,6,2004,"Motorcycles"
5181.5,3,8,2004,"Motorcycles"
6863.92,3,8,2004,"Motorcycles"
4157.04,3,9,2004,"Motorcycles"
4660.24,4,10,2004,"Motorcycles"
4111.8,4,11,2004,"Motorcycles"
3542.64,4,11,2004,"Motorcycles"
8118.55,4,11,2004,"Motorcycles"
3877.06,1,1,2005,"Motorcycles"
3867.08,1,2,2005,"Motorcycles"
5951.44,1,3,2005,"Motorcycles"
8648.64,2,4,2005,"Motorcycles"
3447.78,2,5,2005,"Motorcycles"
5958.5,1,1,2003,"Classic Cars"
5911.64,2,4,2003,"Classic Cars"
7366.44,2,6,2003,"Classic Cars"
4985.64,3,8,2003,"Classic Cars"
5393.64,3,9,2003,"Classic Cars"
4880.02,4,10,2003,"Classic Cars"
8378.69,4,11,2003,"Classic Cars"
4038.21,4,11,2003,"Classic Cars"
3807.12,4,11,2003,"Classic Cars"
3142.36,1,1,2004,"Classic Cars"
4713.6,1,2,2004,"Classic Cars"
7016.31,1,3,2004,"Classic Cars"
4381.25,2,5,2004,"Classic Cars"
4283.01,3,7,2004,"Classic Cars"
4364.82,3,8,2004,"Classic Cars"
4242.24,3,9,2004,"Classic Cars"
4982.7,4,10,2004,"Classic Cars"
6393.54,4,10,2004,"Classic Cars"
1466.91,4,11,2004,"Classic Cars"
4059.33,4,11,2004,"Classic Cars"
4801.52,4,11,2004,"Classic Cars"
2711.66,4,12,2004,"Classic Cars"
5862,1,1,2005,"Classic Cars"
4071.85,1,2,2005,"Classic Cars"
8236.75,2,5,2005,"Classic Cars"
6130.35,1,3,2003,"Classic Cars"
3693.34,2,5,2003,"Classic Cars"
6031.68,3,7,2003,"Classic Cars"
3494.94,3,9,2003,"Classic Cars"
5294.14,4,10,2003,"Classic Cars"
5464.69,4,11,2003,"Classic Cars"
2860.76,4,11,2003,"Classic Cars"
5590,4,11,2003,"Classic Cars"
2254.8,4,12,2003,"Classic Cars"
4946.76,1,1,2004,"Classic Cars"
2495.5,1,2,2004,"Classic Cars"
3167.38,2,4,2004,"Classic Cars"
2402.84,2,6,2004,"Classic Cars"
2454.54,3,7,2004,"Classic Cars"
5464.69,3,8,2004,"Classic Cars"
4756.5,3,8,2004,"Classic Cars"
3984.6,4,10,2003,"Classic Cars"
3100.32,4,10,2004,"Classic Cars"
4850.3,4,11,2004,"Classic Cars"
3846.98,4,11,2004,"Classic Cars"
4220.92,4,11,2004,"Classic Cars"
3288.82,1,1,2005,"Classic Cars"
3987.2,1,2,2005,"Classic Cars"
1809.5,1,3,2005,"Classic Cars"
1092.2,2,5,2005,"Classic Cars"
4566.05,1,2,2003,"Classic Cars"
5938.14,2,4,2003,"Classic Cars"
8138.76,2,6,2003,"Classic Cars"
9470.94,3,8,2003,"Classic Cars"
7036.89,3,9,2003,"Classic Cars"
5559.03,4,10,2003,"Classic Cars"
7872.5,4,11,2003,"Classic Cars"
7886.2,4,11,2003,"Classic Cars"
7232.16,4,11,2003,"Classic Cars"
3114.4,1,1,2004,"Classic Cars"
5045.22,1,2,2004,"Classic Cars"
6952.12,1,3,2004,"Classic Cars"
4157.73,2,5,2004,"Classic Cars"
7962.24,3,7,2004,"Classic Cars"
3778.8,3,8,2004,"Classic Cars"
8253,3,9,2004,"Classic Cars"
3633.4,4,10,2004,"Classic Cars"
6913.8,4,10,2004,"Classic Cars"
2583.6,4,11,2004,"Classic Cars"
3105.62,4,11,2004,"Classic Cars"
4408.56,4,12,2004,"Classic Cars"
3042.41,4,12,2004,"Classic Cars"
5941.5,1,1,2005,"Classic Cars"
3241.9,1,2,2005,"Classic Cars"
6109.29,1,3,2005,"Classic Cars"
3387.78,2,5,2005,"Classic Cars"
3485.82,1,3,2003,"Classic Cars"
2042.88,2,5,2003,"Classic Cars"
1800.24,3,7,2003,"Classic Cars"
1340.64,3,9,2003,"Classic Cars"
1762.08,4,10,2003,"Classic Cars"
2298.24,4,11,2003,"Classic Cars"
1628,4,11,2003,"Classic Cars"
1939.2,4,11,2003,"Classic Cars"
3651.56,4,12,2003,"Classic Cars"
2591.96,1,1,2004,"Classic Cars"
2864.17,1,2,2004,"Classic Cars"
1484.2,2,4,2004,"Classic Cars"
2254.25,2,6,2004,"Classic Cars"
2681.35,3,7,2004,"Classic Cars"
3184.02,3,8,2004,"Classic Cars"
2846.63,3,8,2004,"Classic Cars"
1685.42,4,10,2003,"Classic Cars"
3988.6,4,10,2004,"Classic Cars"
2789.96,4,11,2004,"Classic Cars"
3607.56,4,11,2004,"Classic Cars"
3368.16,4,11,2004,"Classic Cars"
2775.08,1,1,2005,"Classic Cars"
1627.92,1,2,2005,"Classic Cars"
2529.36,1,3,2005,"Classic Cars"
3065.78,2,5,2005,"Classic Cars"
4615.78,1,1,2003,"Trucks and Buses"
5723.78,2,4,2003,"Trucks and Buses"
2559.6,2,6,2003,"Trucks and Buses"
2140.11,3,8,2003,"Trucks and Buses"
3327.6,3,9,2003,"Trucks and Buses"
6825.6,4,10,2003,"Trucks and Buses"
3543.28,4,11,2003,"Trucks and Buses"
4516.22,4,11,2003,"Trucks and Buses"
6445.46,4,11,2003,"Trucks and Buses"
3384.36,4,12,2003,"Trucks and Buses"
4891.68,1,2,2004,"Trucks and Buses"
4521.96,1,3,2004,"Trucks and Buses"
5069.66,2,5,2004,"Trucks and Buses"
6541.2,2,6,2004,"Trucks and Buses"
3012.27,3,7,2004,"Trucks and Buses"
5247.18,3,8,2004,"Trucks and Buses"
2214.87,3,9,2004,"Trucks and Buses"
4773.18,4,10,2004,"Trucks and Buses"
6185.7,4,10,2004,"Trucks and Buses"
1517.88,4,11,2004,"Trucks and Buses"
6372.6,4,11,2004,"Trucks and Buses"
5232.96,4,12,2004,"Trucks and Buses"
2694.72,4,12,2004,"Trucks and Buses"
1749.79,1,1,2005,"Trucks and Buses"
2130.56,1,2,2005,"Trucks and Buses"
5951.34,2,5,2005,"Trucks and Buses"
4692.6,2,5,2005,"Trucks and Buses"
3731.04,1,3,2003,"Classic Cars"
2142,2,5,2003,"Classic Cars"
2838.81,3,7,2003,"Classic Cars"
3230.37,3,9,2003,"Classic Cars"
5182,4,10,2003,"Classic Cars"
4391.1,4,11,2003,"Classic Cars"
4477.32,4,11,2003,"Classic Cars"
3544.56,4,11,2003,"Classic Cars"
5195.85,4,12,2003,"Classic Cars"
4180.44,1,1,2004,"Classic Cars"
2684.43,1,2,2004,"Classic Cars"
1958.88,2,4,2004,"Classic Cars"
4910.57,2,6,2004,"Classic Cars"
4468.4,3,7,2004,"Classic Cars"
3127.88,3,8,2004,"Classic Cars"
2675.13,3,8,2004,"Classic Cars"
2807.61,4,10,2003,"Classic Cars"
2504.75,4,10,2004,"Classic Cars"
2984.88,4,11,2004,"Classic Cars"
2524.86,4,11,2004,"Classic Cars"
4136,4,11,2004,"Classic Cars"
4068.7,1,1,2005,"Classic Cars"
5182,1,2,2005,"Classic Cars"
5243.79,1,3,2005,"Classic Cars"
9048.16,2,4,2005,"Classic Cars"
3832.64,2,5,2005,"Classic Cars"
3920,1,1,2003,"Trucks and Buses"
4916.66,1,3,2003,"Trucks and Buses"
3857,2,5,2003,"Trucks and Buses"
4181.44,3,7,2003,"Trucks and Buses"
4641,3,9,2003,"Trucks and Buses"
3570.12,4,10,2003,"Trucks and Buses"
4480.32,4,11,2003,"Trucks and Buses"
2033.64,4,11,2003,"Trucks and Buses"
1960.14,4,11,2003,"Trucks and Buses"
3966.78,4,12,2003,"Trucks and Buses"
5152,1,1,2004,"Trucks and Buses"
3360,1,3,2004,"Trucks and Buses"
3451,2,5,2004,"Trucks and Buses"
5453,2,6,2004,"Trucks and Buses"
4164.12,3,7,2004,"Trucks and Buses"
2800.08,3,8,2004,"Trucks and Buses"
4687.94,3,9,2004,"Trucks and Buses"
4508,4,10,2004,"Trucks and Buses"
4181.44,4,10,2004,"Trucks and Buses"
2251.04,4,11,2004,"Trucks and Buses"
1167.25,4,11,2004,"Trucks and Buses"
2083.2,4,11,2004,"Trucks and Buses"
3822,4,12,2004,"Trucks and Buses"
3911.49,1,1,2005,"Trucks and Buses"
4704,1,2,2005,"Trucks and Buses"
2467.9,1,3,2005,"Trucks and Buses"
3213,2,5,2005,"Trucks and Buses"
7182,2,5,2005,"Trucks and Buses"
4379.18,1,3,2003,"Classic Cars"
5004.8,2,5,2003,"Classic Cars"
3644.75,3,7,2003,"Classic Cars"
2702.04,3,9,2003,"Classic Cars"
3764.88,4,10,2003,"Classic Cars"
4508,4,11,2003,"Classic Cars"
5418.16,4,11,2003,"Classic Cars"
3300.66,4,11,2003,"Classic Cars"
6182.4,4,12,2003,"Classic Cars"
4186.73,1,1,2004,"Classic Cars"
4529.28,1,2,2004,"Classic Cars"
5628.89,2,4,2004,"Classic Cars"
3054.48,2,6,2004,"Classic Cars"
2526.51,3,7,2004,"Classic Cars"
4667.86,3,8,2004,"Classic Cars"
6499.32,3,8,2004,"Classic Cars"
5917.78,4,10,2003,"Classic Cars"
6231.91,4,10,2004,"Classic Cars"
5803.14,4,11,2004,"Classic Cars"
6434.02,4,11,2004,"Classic Cars"
6454.4,4,11,2004,"Classic Cars"
4196.8,4,12,2004,"Classic Cars"
2611.8,1,1,2005,"Classic Cars"
5895.05,1,2,2005,"Classic Cars"
3375.72,1,3,2005,"Classic Cars"
8374.69,2,4,2005,"Classic Cars"
4464.24,2,5,2005,"Classic Cars"
4808.31,1,1,2003,"Vintage Cars"
3288.78,1,3,2003,"Vintage Cars"
3254.72,2,5,2003,"Vintage Cars"
3184.94,3,7,2003,"Vintage Cars"
5907.5,3,9,2003,"Vintage Cars"
4389.12,4,10,2003,"Vintage Cars"
5036.16,4,11,2003,"Vintage Cars"
2183.25,4,11,2003,"Vintage Cars"
3106.88,4,11,2003,"Vintage Cars"
3735.72,4,12,2003,"Vintage Cars"
2413.26,1,1,2004,"Vintage Cars"
2953.75,1,3,2004,"Vintage Cars"
4684.8,2,4,2004,"Vintage Cars"
3248.7,2,6,2004,"Vintage Cars"
5239.5,3,8,2004,"Vintage Cars"
4567.98,3,9,2004,"Vintage Cars"
3535.35,4,10,2004,"Vintage Cars"
3843.34,4,10,2004,"Vintage Cars"
3710.9,4,11,2004,"Vintage Cars"
4375.98,4,11,2004,"Vintage Cars"
1516.62,4,11,2004,"Vintage Cars"
2509,4,12,2004,"Vintage Cars"
9240.44,1,1,2005,"Vintage Cars"
2515.32,1,2,2005,"Vintage Cars"
5548.9,1,3,2005,"Vintage Cars"
4873.05,2,5,2005,"Vintage Cars"
2055.74,1,1,2003,"Vintage Cars"
2354.88,1,3,2003,"Vintage Cars"
2309.58,2,5,2003,"Vintage Cars"
2113.37,3,7,2003,"Vintage Cars"
1746.6,3,9,2003,"Vintage Cars"
2304.45,4,10,2003,"Vintage Cars"
2122.08,4,11,2003,"Vintage Cars"
1742.4,4,11,2003,"Vintage Cars"
2455.02,4,11,2003,"Vintage Cars"
3053.28,4,12,2003,"Vintage Cars"
1423.29,1,1,2004,"Vintage Cars"
1504.12,1,3,2004,"Vintage Cars"
1164.4,2,4,2004,"Vintage Cars"
1500.75,2,6,2004,"Vintage Cars"
1557.36,3,8,2004,"Vintage Cars"
1345.68,3,9,2004,"Vintage Cars"
1795.24,4,10,2004,"Vintage Cars"
1105.25,4,10,2004,"Vintage Cars"
2364.88,4,11,2004,"Vintage Cars"
2427.03,4,11,2004,"Vintage Cars"
1237.95,4,11,2004,"Vintage Cars"
1593.02,4,12,2004,"Vintage Cars"
3156.16,1,1,2005,"Vintage Cars"
1320.75,1,2,2005,"Vintage Cars"
4998,1,3,2005,"Vintage Cars"
1293.75,2,5,2005,"Vintage Cars"
5433.08,1,3,2003,"Classic Cars"
3073.72,2,5,2003,"Classic Cars"
4380.2,3,7,2003,"Classic Cars"
5848.68,3,9,2003,"Classic Cars"
6153.73,4,10,2003,"Classic Cars"
4965.24,4,11,2003,"Classic Cars"
5435.64,4,11,2003,"Classic Cars"
4258.36,4,11,2003,"Classic Cars"
4032,4,12,2003,"Classic Cars"
4492.36,1,1,2004,"Classic Cars"
4161.38,1,2,2004,"Classic Cars"
2508.66,2,4,2004,"Classic Cars"
3374.88,2,6,2004,"Classic Cars"
5196.6,3,7,2004,"Classic Cars"
2604.52,3,8,2004,"Classic Cars"
2936.8,3,9,2004,"Classic Cars"
3424.64,4,10,2003,"Classic Cars"
2923.2,4,10,2004,"Classic Cars"
4489.76,4,11,2004,"Classic Cars"
4849.24,4,11,2004,"Classic Cars"
5848.92,4,11,2004,"Classic Cars"
2758.7,1,1,2005,"Classic Cars"
1449.76,1,2,2005,"Classic Cars"
7048.14,2,4,2005,"Classic Cars"
5202.94,2,5,2005,"Classic Cars"
5279.4,1,2,2003,"Planes"
6916.12,2,4,2003,"Planes"
2781.66,2,6,2003,"Planes"
5248,3,8,2003,"Planes"
6531.44,4,10,2003,"Planes"
5763.72,4,10,2003,"Planes"
6490.68,4,11,2003,"Planes"
6004.8,4,11,2003,"Planes"
7483.98,4,11,2003,"Planes"
5719.5,1,1,2004,"Planes"
6954.08,1,2,2004,"Planes"
8160.3,2,5,2004,"Planes"
6567.96,2,6,2004,"Planes"
6724,3,7,2004,"Planes"
5747.85,3,8,2004,"Planes"
5676.84,3,9,2004,"Planes"
7379.97,4,10,2004,"Planes"
3704.13,4,11,2004,"Planes"
2804.75,4,11,2004,"Planes"
5624.79,4,11,2004,"Planes"
3881.28,4,12,2004,"Planes"
1611.4,1,1,2005,"Planes"
1364.25,1,3,2005,"Planes"
4215.09,1,3,2005,"Planes"
6433.82,2,4,2005,"Planes"
4352.16,2,5,2005,"Planes"
5151,1,1,2003,"Vintage Cars"
6069,1,3,2003,"Vintage Cars"
2856,2,5,2003,"Vintage Cars"
5375.4,3,9,2003,"Vintage Cars"
5176.5,4,10,2003,"Vintage Cars"
3508.8,4,11,2003,"Vintage Cars"
7554.8,4,11,2003,"Vintage Cars"
3141.6,4,11,2003,"Vintage Cars"
5890.5,4,12,2003,"Vintage Cars"
5967,1,1,2004,"Vintage Cars"
3712.8,1,3,2004,"Vintage Cars"
7597.3,2,4,2004,"Vintage Cars"
3668.6,3,8,2004,"Vintage Cars"
5875.2,3,9,2004,"Vintage Cars"
7310,4,10,2003,"Vintage Cars"
8078.4,4,10,2004,"Vintage Cars"
3257.76,4,11,2004,"Vintage Cars"
7650,4,11,2004,"Vintage Cars"
4703.81,1,1,2005,"Vintage Cars"
5399.55,1,2,2005,"Vintage Cars"
14082.8,2,4,2005,"Vintage Cars"
5283.6,2,5,2005,"Vintage Cars"
3130.82,1,3,2003,"Classic Cars"
3112.34,2,5,2003,"Classic Cars"
3806.88,3,7,2003,"Classic Cars"
2142.14,3,9,2003,"Classic Cars"
3364.9,4,10,2003,"Classic Cars"
1262.8,4,11,2003,"Classic Cars"
1626.24,4,11,2003,"Classic Cars"
4088.7,4,11,2003,"Classic Cars"
3846.15,4,12,2003,"Classic Cars"
1339.8,1,1,2004,"Classic Cars"
3039.96,1,2,2004,"Classic Cars"
3400.32,2,4,2004,"Classic Cars"
1930.39,2,6,2004,"Classic Cars"
2464.77,3,7,2004,"Classic Cars"
2634.94,3,8,2004,"Classic Cars"
3625.16,3,8,2004,"Classic Cars"
3788.4,4,10,2003,"Classic Cars"
1832.6,4,10,2004,"Classic Cars"
2905.98,4,11,2004,"Classic Cars"
2954.81,4,11,2004,"Classic Cars"
3599.75,4,11,2004,"Classic Cars"
3686.54,1,1,2005,"Classic Cars"
2100.56,1,2,2005,"Classic Cars"
3881.78,1,3,2005,"Classic Cars"
4509.12,2,4,2005,"Classic Cars"
3273.27,2,5,2005,"Classic Cars"
4432.7,1,3,2003,"Classic Cars"
4100.99,2,5,2003,"Classic Cars"
5274.72,3,7,2003,"Classic Cars"
4232,3,9,2003,"Classic Cars"
6145.44,4,10,2003,"Classic Cars"
4680.2,4,11,2003,"Classic Cars"
3286.08,4,11,2003,"Classic Cars"
7421.3,4,11,2003,"Classic Cars"
6432.64,4,12,2003,"Classic Cars"
4840.87,1,1,2004,"Classic Cars"
3892.08,1,2,2004,"Classic Cars"
5526.32,2,4,2004,"Classic Cars"
4459.62,2,6,2004,"Classic Cars"
6203.4,3,7,2004,"Classic Cars"
3754.05,3,8,2004,"Classic Cars"
3516.48,3,8,2004,"Classic Cars"
7488.04,4,10,2003,"Classic Cars"
3448.08,4,10,2004,"Classic Cars"
3734,4,11,2004,"Classic Cars"
974.1,4,11,2004,"Classic Cars"
3160.74,4,11,2004,"Classic Cars"
1746.63,4,12,2004,"Classic Cars"
4207.84,1,1,2005,"Classic Cars"
4352.76,1,2,2005,"Classic Cars"
1463.7,1,3,2005,"Classic Cars"
7169.28,2,4,2005,"Classic Cars"
4594.76,2,5,2005,"Classic Cars"
3457.92,1,1,2003,"Classic Cars"
7381.16,2,4,2003,"Classic Cars"
7146.9,2,6,2003,"Classic Cars"
5938.53,3,8,2003,"Classic Cars"
7110.91,3,9,2003,"Classic Cars"
5032.95,4,10,2003,"Classic Cars"
3667.6,4,11,2003,"Classic Cars"
7381.16,4,11,2003,"Classic Cars"
5128.11,4,11,2003,"Classic Cars"
7060.24,4,12,2003,"Classic Cars"
8448.64,1,2,2004,"Classic Cars"
7300.51,1,3,2004,"Classic Cars"
6549.2,2,5,2004,"Classic Cars"
5697.9,2,6,2004,"Classic Cars"
9169,3,7,2004,"Classic Cars"
3238.63,3,8,2004,"Classic Cars"
4554.94,3,9,2004,"Classic Cars"
3934.44,4,10,2004,"Classic Cars"
5776.26,4,10,2004,"Classic Cars"
7207.45,4,11,2004,"Classic Cars"
7460.74,4,11,2004,"Classic Cars"
6719.54,4,12,2004,"Classic Cars"
2428,4,12,2004,"Classic Cars"
2602.25,1,1,2005,"Classic Cars"
2200,1,2,2005,"Classic Cars"
6712.93,2,5,2005,"Classic Cars"
5318.04,2,5,2005,"Classic Cars"
3390,1,1,2003,"Vintage Cars"
1608,1,3,2003,"Vintage Cars"
2262.96,2,5,2003,"Vintage Cars"
1496.64,3,9,2003,"Vintage Cars"
1879.74,4,10,2003,"Vintage Cars"
1495.26,4,11,2003,"Vintage Cars"
2323.7,4,11,2003,"Vintage Cars"
2491.86,4,11,2003,"Vintage Cars"
1643.12,4,12,2003,"Vintage Cars"
1322.16,1,1,2004,"Vintage Cars"
1423.8,1,3,2004,"Vintage Cars"
2397.45,2,4,2004,"Vintage Cars"
1574,3,8,2004,"Vintage Cars"
1729,3,9,2004,"Vintage Cars"
2255.84,4,10,2004,"Vintage Cars"
1834.5,4,10,2004,"Vintage Cars"
3201.5,4,11,2004,"Vintage Cars"
2276.4,4,11,2004,"Vintage Cars"
8884.8,1,1,2005,"Vintage Cars"
1331.1,1,2,2005,"Vintage Cars"
3051.3,2,4,2005,"Vintage Cars"
2288.52,2,5,2005,"Vintage Cars"
3772.61,1,1,2003,"Trucks and Buses"
4164.42,2,4,2003,"Trucks and Buses"
6295.95,2,6,2003,"Trucks and Buses"
6287.66,3,8,2003,"Trucks and Buses"
5412.54,3,9,2003,"Trucks and Buses"
5984.14,4,10,2003,"Trucks and Buses"
5891.04,4,11,2003,"Trucks and Buses"
5984.14,4,11,2003,"Trucks and Buses"
3608.15,4,11,2003,"Trucks and Buses"
5752.54,4,12,2003,"Trucks and Buses"
3765.32,1,3,2004,"Trucks and Buses"
2159.96,2,5,2004,"Trucks and Buses"
3379.94,2,6,2004,"Trucks and Buses"
5093.5,3,7,2004,"Trucks and Buses"
5773.44,3,8,2004,"Trucks and Buses"
4528.86,3,9,2004,"Trucks and Buses"
4816.08,4,10,2004,"Trucks and Buses"
3416.78,4,10,2004,"Trucks and Buses"
1236.84,4,11,2004,"Trucks and Buses"
5814.86,4,11,2004,"Trucks and Buses"
5223.48,4,12,2004,"Trucks and Buses"
728.4,4,12,2004,"Trucks and Buses"
3949,1,1,2005,"Trucks and Buses"
3843.99,1,2,2005,"Trucks and Buses"
5498.08,2,5,2005,"Trucks and Buses"
3777.58,2,5,2005,"Trucks and Buses"
3782,1,1,2003,"Vintage Cars"
3859.68,1,3,2003,"Vintage Cars"
4431.84,2,5,2003,"Vintage Cars"
4950.33,3,9,2003,"Vintage Cars"
4299.7,4,10,2003,"Vintage Cars"
4492.83,4,11,2003,"Vintage Cars"
2212,4,11,2003,"Vintage Cars"
4642.88,4,11,2003,"Vintage Cars"
3206.32,4,12,2003,"Vintage Cars"
3604.23,1,1,2004,"Vintage Cars"
7017.76,1,3,2004,"Vintage Cars"
6154.18,2,4,2004,"Vintage Cars"
4750.8,3,8,2004,"Vintage Cars"
3822.92,3,9,2004,"Vintage Cars"
2440.8,4,10,2004,"Vintage Cars"
4729.36,4,10,2004,"Vintage Cars"
12536.5,4,11,2004,"Vintage Cars"
2264.15,4,11,2004,"Vintage Cars"
3928.2,4,11,2004,"Vintage Cars"
3630.22,4,12,2004,"Vintage Cars"
4196.07,1,1,2005,"Vintage Cars"
4931.6,1,2,2005,"Vintage Cars"
3068.69,1,3,2005,"Vintage Cars"
785.64,2,4,2005,"Vintage Cars"
4977,2,5,2005,"Vintage Cars"
1189.98,1,1,2003,"Trucks and Buses"
3090.15,2,4,2003,"Trucks and Buses"
2795.86,2,5,2003,"Trucks and Buses"
2851.54,3,7,2003,"Trucks and Buses"
2701.92,3,9,2003,"Trucks and Buses"
2204.1,4,10,2003,"Trucks and Buses"
2840.48,4,11,2003,"Trucks and Buses"
2647.04,4,11,2003,"Trucks and Buses"
3172.05,4,11,2003,"Trucks and Buses"
2585.93,4,12,2003,"Trucks and Buses"
2148.3,1,2,2004,"Trucks and Buses"
1667.4,1,3,2004,"Trucks and Buses"
1859.7,2,5,2004,"Trucks and Buses"
1476.6,2,6,2004,"Trucks and Buses"
1732,3,7,2004,"Trucks and Buses"
1674.17,3,8,2004,"Trucks and Buses"
1500.98,3,9,2004,"Trucks and Buses"
2192.68,4,10,2004,"Trucks and Buses"
1797.58,4,10,2004,"Trucks and Buses"
2142.35,4,11,2004,"Trucks and Buses"
2086.92,4,11,2004,"Trucks and Buses"
6834.5,4,11,2004,"Trucks and Buses"
2541.59,4,12,2004,"Trucks and Buses"
2130.92,1,1,2005,"Trucks and Buses"
1701.7,1,2,2005,"Trucks and Buses"
1694,1,3,2005,"Trucks and Buses"
2913.53,2,5,2005,"Trucks and Buses"
935.18,2,5,2005,"Trucks and Buses"
3073.26,1,2,2003,"Planes"
2082.49,2,4,2003,"Planes"
3394.23,2,6,2003,"Planes"
2559.6,3,8,2003,"Planes"
1490.16,4,10,2003,"Planes"
3844,1,1,2004,"Planes"
4724.91,1,2,2004,"Planes"
1824.72,2,4,2004,"Planes"
2668.68,2,5,2004,"Planes"
2843.61,2,6,2004,"Planes"
3163.65,3,7,2004,"Planes"
2226.11,3,8,2004,"Planes"
2069.75,3,9,2004,"Planes"
2235.33,4,10,2004,"Planes"
3116.43,4,11,2004,"Planes"
4781.7,4,11,2004,"Planes"
2810.7,4,11,2004,"Planes"
3515.67,4,12,2004,"Planes"
2909.34,1,2,2005,"Planes"
1570.17,1,3,2005,"Planes"
2613.92,1,3,2005,"Planes"
3193.26,2,4,2005,"Planes"
1482.6,2,5,2005,"Planes"
2055.23,1,2,2003,"Motorcycles"
2674.9,2,4,2003,"Motorcycles"
1853.4,3,7,2003,"Motorcycles"
1490.1,3,8,2003,"Motorcycles"
2162.16,4,10,2003,"Motorcycles"
2814.28,4,10,2003,"Motorcycles"
1605,4,11,2003,"Motorcycles"
2093.44,4,11,2003,"Motorcycles"
1944.3,4,12,2003,"Motorcycles"
1986.8,1,1,2004,"Motorcycles"
1695.96,1,2,2004,"Motorcycles"
1281.56,2,4,2004,"Motorcycles"
1774.22,2,5,2004,"Motorcycles"
1997.5,2,6,2004,"Motorcycles"
2353.2,3,7,2004,"Motorcycles"
981.2,3,8,2004,"Motorcycles"
1550.72,3,9,2004,"Motorcycles"
1771.06,4,10,2004,"Motorcycles"
2213.4,4,11,2004,"Motorcycles"
5266.04,4,11,2004,"Motorcycles"
1864.8,4,11,2004,"Motorcycles"
1142.41,1,1,2005,"Motorcycles"
1172.6,1,2,2005,"Motorcycles"
6981,1,3,2005,"Motorcycles"
3064.6,2,4,2005,"Motorcycles"
2202.48,2,5,2005,"Motorcycles"
3773.38,1,1,2003,"Vintage Cars"
5074.39,1,3,2003,"Vintage Cars"
6483.46,2,5,2003,"Vintage Cars"
7956.46,3,7,2003,"Vintage Cars"
4230.62,3,9,2003,"Vintage Cars"
7209.12,4,10,2003,"Vintage Cars"
3452.68,4,11,2003,"Vintage Cars"
3047.73,4,11,2003,"Vintage Cars"
3675.32,4,11,2003,"Vintage Cars"
7492.4,4,12,2003,"Vintage Cars"
9534.5,1,1,2004,"Vintage Cars"
5579.02,1,3,2004,"Vintage Cars"
5950.34,2,4,2004,"Vintage Cars"
3726,2,6,2004,"Vintage Cars"
4455,3,8,2004,"Vintage Cars"
8272.34,3,9,2004,"Vintage Cars"
3577.6,4,10,2004,"Vintage Cars"
3881.25,4,10,2004,"Vintage Cars"
5797.44,4,11,2004,"Vintage Cars"
1264.08,4,11,2004,"Vintage Cars"
4815.3,4,11,2004,"Vintage Cars"
4462.2,4,12,2004,"Vintage Cars"
3033.28,1,1,2005,"Vintage Cars"
990.78,1,2,2005,"Vintage Cars"
2030.86,1,3,2005,"Vintage Cars"
5433.75,2,5,2005,"Vintage Cars"
3157.44,1,3,2003,"Classic Cars"
5161.2,2,5,2003,"Classic Cars"
4346.76,3,7,2003,"Classic Cars"
3528.36,3,9,2003,"Classic Cars"
3187.8,4,10,2003,"Classic Cars"
6023.16,4,11,2003,"Classic Cars"
3884.76,4,11,2003,"Classic Cars"
4965.84,4,11,2003,"Classic Cars"
4169.88,4,12,2003,"Classic Cars"
4910.4,1,1,2004,"Classic Cars"
3231.36,1,2,2004,"Classic Cars"
6853.44,2,4,2004,"Classic Cars"
5177.04,2,6,2004,"Classic Cars"
2824.8,3,7,2004,"Classic Cars"
4324.32,3,8,2004,"Classic Cars"
5052.96,3,8,2004,"Classic Cars"
3223.44,4,10,2003,"Classic Cars"
5278.68,4,10,2004,"Classic Cars"
2851.2,4,11,2004,"Classic Cars"
1687.4,4,11,2004,"Classic Cars"
1308,4,11,2004,"Classic Cars"
6144.6,1,1,2005,"Classic Cars"
5127.2,1,2,2005,"Classic Cars"
6386.16,2,4,2005,"Classic Cars"
7695.6,2,5,2005,"Classic Cars"
2242.89,1,1,2003,"Vintage Cars"
2539.89,1,3,2003,"Vintage Cars"
2795.27,2,5,2003,"Vintage Cars"
5545.76,3,7,2003,"Vintage Cars"
4285.46,3,9,2003,"Vintage Cars"
3329.09,4,10,2003,"Vintage Cars"
5592.22,4,11,2003,"Vintage Cars"
3298.55,4,11,2003,"Vintage Cars"
2609.88,4,11,2003,"Vintage Cars"
3336.29,4,12,2003,"Vintage Cars"
5510.05,1,1,2004,"Vintage Cars"
2504.4,1,3,2004,"Vintage Cars"
3525.6,2,4,2004,"Vintage Cars"
4407,2,6,2004,"Vintage Cars"
2983.44,3,7,2004,"Vintage Cars"
5126.24,3,8,2004,"Vintage Cars"
5713.79,3,9,2004,"Vintage Cars"
4613.8,4,10,2004,"Vintage Cars"
3711.1,4,10,2004,"Vintage Cars"
3524.73,4,11,2004,"Vintage Cars"
2795.27,4,11,2004,"Vintage Cars"
4814.4,4,11,2004,"Vintage Cars"
3572.33,4,12,2004,"Vintage Cars"
4581.36,1,1,2005,"Vintage Cars"
4319.76,1,2,2005,"Vintage Cars"
1448,1,3,2005,"Vintage Cars"
881.4,2,5,2005,"Vintage Cars"
2011.1,1,1,2003,"Vintage Cars"
1801.24,1,3,2003,"Vintage Cars"
3390.2,2,5,2003,"Vintage Cars"
1424,3,7,2003,"Vintage Cars"
1499.1,3,9,2003,"Vintage Cars"
3358.08,4,10,2003,"Vintage Cars"
1504.16,4,11,2003,"Vintage Cars"
2655.12,4,11,2003,"Vintage Cars"
1244.16,4,11,2003,"Vintage Cars"
1888.88,4,12,2003,"Vintage Cars"
1820.01,1,1,2004,"Vintage Cars"
2866.95,1,3,2004,"Vintage Cars"
1394.16,2,4,2004,"Vintage Cars"
2632.28,2,6,2004,"Vintage Cars"
2018.56,3,7,2004,"Vintage Cars"
2954.53,3,8,2004,"Vintage Cars"
1871.83,3,9,2004,"Vintage Cars"
1559.04,4,10,2004,"Vintage Cars"
1880.2,4,10,2004,"Vintage Cars"
1224.67,4,11,2004,"Vintage Cars"
2979.08,4,11,2004,"Vintage Cars"
2208.64,4,11,2004,"Vintage Cars"
3458.42,4,12,2004,"Vintage Cars"
1237.88,1,1,2005,"Vintage Cars"
2723.2,1,2,2005,"Vintage Cars"
2218.52,1,3,2005,"Vintage Cars"
1665.32,2,5,2005,"Vintage Cars"
3421.04,1,2,2003,"Ships"
1878.66,2,4,2003,"Ships"
3853.6,2,6,2003,"Ships"
3442.64,3,8,2003,"Ships"
3482.16,4,10,2003,"Ships"
3363.52,4,10,2003,"Ships"
3350.52,4,11,2003,"Ships"
2862.72,4,11,2003,"Ships"
4036.04,4,11,2003,"Ships"
2817.92,1,1,2004,"Ships"
4636.38,1,2,2004,"Ships"
1553.58,2,5,2004,"Ships"
2697.6,2,6,2004,"Ships"
3334.04,3,7,2004,"Ships"
2059.26,3,8,2004,"Ships"
2023.14,3,9,2004,"Ships"
2586.64,4,10,2004,"Ships"
1987.02,4,11,2004,"Ships"
1146.5,4,11,2004,"Ships"
2312.24,4,11,2004,"Ships"
2793.71,4,12,2004,"Ships"
1908.28,1,1,2005,"Ships"
3441.37,1,3,2005,"Ships"
2023.28,1,3,2005,"Ships"
2245.2,2,4,2005,"Ships"
3255.12,2,5,2005,"Ships"
2539.5,1,1,2003,"Vintage Cars"
4818.15,1,3,2003,"Vintage Cars"
2921.7,2,5,2003,"Vintage Cars"
1801.2,3,7,2003,"Vintage Cars"
2804.36,3,9,2003,"Vintage Cars"
4900.8,4,10,2003,"Vintage Cars"
2759.31,4,11,2003,"Vintage Cars"
2488.2,4,11,2003,"Vintage Cars"
2769.89,4,11,2003,"Vintage Cars"
3581.4,4,12,2003,"Vintage Cars"
5285.14,1,1,2004,"Vintage Cars"
3181.53,1,3,2004,"Vintage Cars"
3340.51,2,4,2004,"Vintage Cars"
3138.34,2,6,2004,"Vintage Cars"
4775.08,3,7,2004,"Vintage Cars"
3006.43,3,8,2004,"Vintage Cars"
2866.26,3,9,2004,"Vintage Cars"
2232.62,4,10,2004,"Vintage Cars"
4457.02,4,10,2004,"Vintage Cars"
2257.92,4,11,2004,"Vintage Cars"
1592,4,11,2004,"Vintage Cars"
4948.2,4,11,2004,"Vintage Cars"
5160.76,4,12,2004,"Vintage Cars"
1978.62,1,1,2005,"Vintage Cars"
4288.2,1,2,2005,"Vintage Cars"
2520.68,1,3,2005,"Vintage Cars"
1781.22,2,5,2005,"Vintage Cars"
3065.04,1,2,2003,"Vintage Cars"
3551.34,2,4,2003,"Vintage Cars"
5544.02,2,6,2003,"Vintage Cars"
6034.33,3,8,2003,"Vintage Cars"
3641.57,3,9,2003,"Vintage Cars"
6930.74,4,10,2003,"Vintage Cars"
3675.63,4,11,2003,"Vintage Cars"
3442.04,4,11,2003,"Vintage Cars"
6893.81,4,11,2003,"Vintage Cars"
2622.48,1,1,2004,"Vintage Cars"
4417.38,1,2,2004,"Vintage Cars"
3606.02,1,3,2004,"Vintage Cars"
3802.56,2,5,2004,"Vintage Cars"
5026.4,3,7,2004,"Vintage Cars"
6695.53,3,8,2004,"Vintage Cars"
2819.28,3,9,2004,"Vintage Cars"
3759.04,4,10,2004,"Vintage Cars"
2731.8,4,10,2004,"Vintage Cars"
1658.88,4,11,2004,"Vintage Cars"
5778.24,4,11,2004,"Vintage Cars"
5191.12,4,12,2004,"Vintage Cars"
3862.88,1,1,2005,"Vintage Cars"
1476.48,1,2,2005,"Vintage Cars"
5273.73,1,3,2005,"Vintage Cars"
4872.03,2,5,2005,"Vintage Cars"
4556.99,1,1,2003,"Classic Cars"
8257,1,3,2003,"Classic Cars"
8209.44,2,4,2003,"Classic Cars"
3598.5,2,5,2003,"Classic Cars"
3837.24,2,6,2003,"Classic Cars"
8331.61,3,7,2003,"Classic Cars"
4836.5,3,8,2003,"Classic Cars"
5418.88,3,9,2003,"Classic Cars"
3734.01,3,9,2003,"Classic Cars"
3996.4,4,10,2003,"Classic Cars"
8754.69,4,10,2003,"Classic Cars"
5481.45,4,11,2003,"Classic Cars"
4419.89,4,11,2003,"Classic Cars"
6324.75,4,11,2003,"Classic Cars"
4409.72,4,11,2003,"Classic Cars"
3918.46,4,11,2003,"Classic Cars"
7620.5,4,11,2003,"Classic Cars"
8291.04,4,12,2003,"Classic Cars"
3937.25,4,12,2003,"Classic Cars"
5554.4,1,1,2004,"Classic Cars"
6407.86,1,2,2004,"Classic Cars"
4172.52,1,3,2004,"Classic Cars"
7083.37,2,4,2004,"Classic Cars"
7132.68,2,5,2004,"Classic Cars"
6773.6,2,6,2004,"Classic Cars"
3657.69,2,6,2004,"Classic Cars"
4812.55,3,7,2004,"Classic Cars"
3928.6,3,7,2004,"Classic Cars"
6401.22,3,8,2004,"Classic Cars"
4191.25,3,8,2004,"Classic Cars"
5852.52,3,8,2004,"Classic Cars"
2844.87,3,9,2004,"Classic Cars"
4011.66,4,10,2003,"Classic Cars"
7455.87,4,10,2004,"Classic Cars"
8940.96,4,10,2004,"Classic Cars"
4572.25,4,10,2004,"Classic Cars"
5700.09,4,11,2004,"Classic Cars"
3155.49,4,11,2004,"Classic Cars"
4170.69,4,11,2004,"Classic Cars"
2878.8,4,11,2004,"Classic Cars"
5029.5,4,11,2004,"Classic Cars"
7396.8,4,12,2004,"Classic Cars"
2991.68,4,12,2004,"Classic Cars"
6275.72,1,1,2005,"Classic Cars"
1534.95,1,1,2005,"Classic Cars"
7264.53,1,2,2005,"Classic Cars"
6869.05,1,2,2005,"Classic Cars"
3353.02,1,3,2005,"Classic Cars"
8289.05,2,4,2005,"Classic Cars"
11887.8,2,5,2005,"Classic Cars"
5926.9,2,5,2005,"Classic Cars"
3793.16,2,5,2005,"Classic Cars"
4330.1,1,2,2003,"Trains"
2011.8,2,4,2003,"Trains"
4837.18,2,6,2003,"Trains"
2151.82,3,8,2003,"Trains"
2573.46,3,9,2003,"Trains"
5344.5,4,10,2003,"Trains"
3070.52,4,11,2003,"Trains"
3952.83,4,11,2003,"Trains"
3564.75,4,11,2003,"Trains"
5614.56,1,1,2004,"Trains"
1855.41,1,2,2004,"Trains"
4598.4,1,3,2004,"Trains"
5082.42,2,5,2004,"Trains"
5450.59,3,7,2004,"Trains"
4174.92,3,8,2004,"Trains"
2418.24,3,9,2004,"Trains"
3670.4,4,10,2004,"Trains"
2481.7,4,10,2004,"Trains"
3807.68,4,11,2004,"Trains"
2230.41,4,11,2004,"Trains"
3814.64,4,12,2004,"Trains"
2117.75,1,1,2005,"Trains"
3340.48,1,2,2005,"Trains"
2154,1,3,2005,"Trains"
5808.48,2,5,2005,"Trains"
1777.1,1,3,2003,"Classic Cars"
1536.57,2,5,2003,"Classic Cars"
3510,3,7,2003,"Classic Cars"
3097.44,3,9,2003,"Classic Cars"
1705.41,4,10,2003,"Classic Cars"
2264.32,4,11,2003,"Classic Cars"
2484.6,4,11,2003,"Classic Cars"
3415.68,4,11,2003,"Classic Cars"
2839.32,4,12,2003,"Classic Cars"
2730,1,1,2004,"Classic Cars"
3540.53,1,2,2004,"Classic Cars"
2999.97,2,4,2004,"Classic Cars"
1527.8,2,5,2004,"Classic Cars"
3907.8,3,7,2004,"Classic Cars"
2658.48,3,8,2004,"Classic Cars"
3042.68,3,8,2004,"Classic Cars"
3861.2,4,10,2003,"Classic Cars"
2171.07,4,10,2004,"Classic Cars"
3403.08,4,11,2004,"Classic Cars"
2245.8,4,11,2004,"Classic Cars"
1668.5,4,11,2004,"Classic Cars"
2773.8,1,1,2005,"Classic Cars"
2464,1,2,2005,"Classic Cars"
5491.6,1,3,2005,"Classic Cars"
4791.82,1,1,2003,"Vintage Cars"
4178.85,1,3,2003,"Vintage Cars"
3128.92,2,5,2003,"Vintage Cars"
3095.4,3,7,2003,"Vintage Cars"
3958.5,3,9,2003,"Vintage Cars"
4991.44,4,10,2003,"Vintage Cars"
2761.96,4,11,2003,"Vintage Cars"
2848.23,4,11,2003,"Vintage Cars"
2539.84,4,11,2003,"Vintage Cars"
2444.4,4,12,2003,"Vintage Cars"
4555.92,1,1,2004,"Vintage Cars"
3666.96,1,3,2004,"Vintage Cars"
3035.88,2,4,2004,"Vintage Cars"
2321.54,2,6,2004,"Vintage Cars"
3474.46,3,8,2004,"Vintage Cars"
2501.98,3,9,2004,"Vintage Cars"
3958.46,4,10,2004,"Vintage Cars"
3535.95,4,10,2004,"Vintage Cars"
3011.91,4,11,2004,"Vintage Cars"
11336.7,4,11,2004,"Vintage Cars"
2656.94,4,11,2004,"Vintage Cars"
2604.25,4,12,2004,"Vintage Cars"
3288.6,1,1,2005,"Vintage Cars"
8935.5,1,2,2005,"Vintage Cars"
4035.96,1,3,2005,"Vintage Cars"
1875.09,2,5,2005,"Vintage Cars"
4049.56,1,3,2003,"Classic Cars"
2469.39,2,5,2003,"Classic Cars"
5432.7,3,7,2003,"Classic Cars"
4405.22,3,9,2003,"Classic Cars"
3638,4,10,2003,"Classic Cars"
4444.92,4,11,2003,"Classic Cars"
3395.48,4,11,2003,"Classic Cars"
3414.58,4,11,2003,"Classic Cars"
5127.04,4,12,2003,"Classic Cars"
3745.28,1,1,2004,"Classic Cars"
4564.08,1,2,2004,"Classic Cars"
6554.24,2,4,2004,"Classic Cars"
6749.83,2,5,2004,"Classic Cars"
8427.02,3,7,2004,"Classic Cars"
3924.6,3,8,2004,"Classic Cars"
6761.6,3,8,2004,"Classic Cars"
3786.49,4,10,2003,"Classic Cars"
6266.12,4,10,2004,"Classic Cars"
3491,4,11,2004,"Classic Cars"
4405.22,4,11,2004,"Classic Cars"
6548.3,4,11,2004,"Classic Cars"
3177.91,4,12,2004,"Classic Cars"
4142.64,1,1,2005,"Classic Cars"
4149.07,1,2,2005,"Classic Cars"
7397,1,3,2005,"Classic Cars"
6241.6,1,3,2003,"Classic Cars"
5331.88,2,5,2003,"Classic Cars"
5124.3,3,7,2003,"Classic Cars"
3639.44,3,9,2003,"Classic Cars"
5544,4,10,2003,"Classic Cars"
5493.12,4,11,2003,"Classic Cars"
5785.26,4,11,2003,"Classic Cars"
5340.6,4,11,2003,"Classic Cars"
5735.8,4,12,2003,"Classic Cars"
6357.6,1,1,2004,"Classic Cars"
7343.9,1,2,2004,"Classic Cars"
5959.22,2,4,2004,"Classic Cars"
4029.38,2,6,2004,"Classic Cars"
5035.14,3,7,2004,"Classic Cars"
4116.8,3,8,2004,"Classic Cars"
4310.55,3,8,2004,"Classic Cars"
6446.7,4,10,2003,"Classic Cars"
3616.64,4,10,2004,"Classic Cars"
4232.76,4,11,2004,"Classic Cars"
1765.66,4,11,2004,"Classic Cars"
3734.72,4,11,2004,"Classic Cars"
4808.38,1,1,2005,"Classic Cars"
2266.56,1,2,2005,"Classic Cars"
10468.9,2,4,2005,"Classic Cars"
5589.14,2,5,2005,"Classic Cars"
2914.11,1,3,2003,"Motorcycles"
1740.9,2,5,2003,"Motorcycles"
2266.2,3,7,2003,"Motorcycles"
3155.58,3,9,2003,"Motorcycles"
1357.86,4,10,2003,"Motorcycles"
2598.82,4,11,2003,"Motorcycles"
1057.56,4,11,2003,"Motorcycles"
3127.82,4,11,2003,"Motorcycles"
2488.14,1,1,2004,"Motorcycles"
2220.72,1,2,2004,"Motorcycles"
1357.72,2,4,2004,"Motorcycles"
1638.04,2,5,2004,"Motorcycles"
2626.08,2,6,2004,"Motorcycles"
1661.88,3,8,2004,"Motorcycles"
2173.6,3,8,2004,"Motorcycles"
2182.05,3,9,2004,"Motorcycles"
2819.88,4,10,2004,"Motorcycles"
2598.64,4,11,2004,"Motorcycles"
2019.27,4,11,2004,"Motorcycles"
1454.7,4,11,2004,"Motorcycles"
1657.57,4,12,2004,"Motorcycles"
2851.84,1,1,2005,"Motorcycles"
4609.64,1,2,2005,"Motorcycles"
5079.96,1,3,2005,"Motorcycles"
1879.92,2,4,2005,"Motorcycles"
4774.86,1,2,2003,"Vintage Cars"
2687.04,2,4,2003,"Vintage Cars"
3423.75,2,6,2003,"Vintage Cars"
3455.76,3,8,2003,"Vintage Cars"
3622.97,4,10,2003,"Vintage Cars"
3599.58,4,10,2003,"Vintage Cars"
5386.56,4,11,2003,"Vintage Cars"
4918.78,4,11,2003,"Vintage Cars"
2538.8,4,11,2003,"Vintage Cars"
2498.6,1,1,2004,"Vintage Cars"
3858.75,1,2,2004,"Vintage Cars"
5600.5,2,5,2004,"Vintage Cars"
4103.46,2,6,2004,"Vintage Cars"
4287.5,3,7,2004,"Vintage Cars"
5795.54,3,8,2004,"Vintage Cars"
1863.4,3,9,2004,"Vintage Cars"
4166.88,4,10,2004,"Vintage Cars"
4080.07,4,11,2004,"Vintage Cars"
3815.48,4,11,2004,"Vintage Cars"
5526.45,4,11,2004,"Vintage Cars"
3374.6,4,12,2004,"Vintage Cars"
3024.5,1,1,2005,"Vintage Cars"
1266.1,1,3,2005,"Vintage Cars"
4811.85,1,3,2005,"Vintage Cars"
7307.42,2,4,2005,"Vintage Cars"
6209.25,2,5,2005,"Vintage Cars"
5348.5,1,1,2003,"Classic Cars"
2780.58,2,4,2003,"Classic Cars"
3447,2,6,2003,"Classic Cars"
3791.52,3,8,2003,"Classic Cars"
4524.1,3,9,2003,"Classic Cars"
3337.6,4,10,2003,"Classic Cars"
5532.12,4,11,2003,"Classic Cars"
5096.91,4,11,2003,"Classic Cars"
4537.08,4,11,2003,"Classic Cars"
6146.8,4,12,2003,"Classic Cars"
8258,1,2,2004,"Classic Cars"
7238.28,1,3,2004,"Classic Cars"
6756,2,5,2004,"Classic Cars"
3734,3,7,2004,"Classic Cars"
4674.8,3,8,2004,"Classic Cars"
7140.76,3,9,2004,"Classic Cars"
3600.65,4,10,2004,"Classic Cars"
4206.74,4,10,2004,"Classic Cars"
5379.71,4,11,2004,"Classic Cars"
5679.36,4,11,2004,"Classic Cars"
4394.84,4,12,2004,"Classic Cars"
2528.25,4,12,2004,"Classic Cars"
7031.52,1,1,2005,"Classic Cars"
5340.9,1,2,2005,"Classic Cars"
6376.58,1,3,2005,"Classic Cars"
6896.75,2,5,2005,"Classic Cars"
1903.22,1,1,2003,"Vintage Cars"
2499.56,1,3,2003,"Vintage Cars"
3081.24,2,5,2003,"Vintage Cars"
3598.22,3,9,2003,"Vintage Cars"
3912.09,4,10,2003,"Vintage Cars"
1584.66,4,11,2003,"Vintage Cars"
3942.72,4,11,2003,"Vintage Cars"
2341.2,4,11,2003,"Vintage Cars"
2482.11,4,12,2003,"Vintage Cars"
3602.02,1,1,2004,"Vintage Cars"
3566.94,1,3,2004,"Vintage Cars"
3787.98,2,4,2004,"Vintage Cars"
3704.05,3,8,2004,"Vintage Cars"
2834.65,3,9,2004,"Vintage Cars"
3392.26,4,10,2003,"Vintage Cars"
3358.31,4,10,2004,"Vintage Cars"
7310,4,11,2004,"Vintage Cars"
2203.11,4,11,2004,"Vintage Cars"
2696.96,1,1,2005,"Vintage Cars"
3376.64,1,2,2005,"Vintage Cars"
541.14,2,4,2005,"Vintage Cars"
6134.7,2,5,2005,"Vintage Cars"
3382.5,1,2,2003,"Vintage Cars"
2240.66,2,4,2003,"Vintage Cars"
3962.88,2,6,2003,"Vintage Cars"
1685.28,3,8,2003,"Vintage Cars"
1834.36,3,9,2003,"Vintage Cars"
1916.98,4,10,2003,"Vintage Cars"
2611,4,11,2003,"Vintage Cars"
3630.28,4,11,2003,"Vintage Cars"
5090.5,4,11,2003,"Vintage Cars"
3949.65,1,1,2004,"Vintage Cars"
3491.67,1,2,2004,"Vintage Cars"
2059.19,1,3,2004,"Vintage Cars"
3170.16,2,5,2004,"Vintage Cars"
1790.6,2,6,2004,"Vintage Cars"
2345.97,3,7,2004,"Vintage Cars"
3580.88,3,8,2004,"Vintage Cars"
4946.06,3,9,2004,"Vintage Cars"
3525.6,4,10,2004,"Vintage Cars"
3602.16,4,10,2004,"Vintage Cars"
4300.5,4,11,2004,"Vintage Cars"
4498.19,4,11,2004,"Vintage Cars"
3023.1,4,12,2004,"Vintage Cars"
3562.49,1,1,2005,"Vintage Cars"
1640.24,1,2,2005,"Vintage Cars"
4739.4,1,3,2005,"Vintage Cars"
1207.68,2,5,2005,"Vintage Cars"
4228.2,1,1,2003,"Trucks and Buses"
4815.45,2,4,2003,"Trucks and Buses"
7083,2,5,2003,"Trucks and Buses"
4601.2,3,7,2003,"Trucks and Buses"
6467.02,3,9,2003,"Trucks and Buses"
5012.55,4,10,2003,"Trucks and Buses"
5121.59,4,11,2003,"Trucks and Buses"
2441.04,4,11,2003,"Trucks and Buses"
4262.08,4,11,2003,"Trucks and Buses"
6658.02,4,12,2003,"Trucks and Buses"
4509.08,1,2,2004,"Trucks and Buses"
4716.23,1,3,2004,"Trucks and Buses"
2390.22,2,5,2004,"Trucks and Buses"
4666.62,2,6,2004,"Trucks and Buses"
5383.08,3,7,2004,"Trucks and Buses"
2482.25,3,8,2004,"Trucks and Buses"
5288.64,3,9,2004,"Trucks and Buses"
2184.38,4,10,2004,"Trucks and Buses"
2881.76,4,10,2004,"Trucks and Buses"
6203.06,4,11,2004,"Trucks and Buses"
6763.47,4,11,2004,"Trucks and Buses"
5884.65,4,11,2004,"Trucks and Buses"
3559.64,4,12,2004,"Trucks and Buses"
1668.37,1,1,2005,"Trucks and Buses"
4890.6,1,2,2005,"Trucks and Buses"
5235.72,2,5,2005,"Trucks and Buses"
4325.16,2,5,2005,"Trucks and Buses"
1938.89,1,1,2003,"Vintage Cars"
2490.5,1,3,2003,"Vintage Cars"
2314.69,2,5,2003,"Vintage Cars"
1254.83,3,7,2003,"Vintage Cars"
1282.8,3,9,2003,"Vintage Cars"
1345.75,4,10,2003,"Vintage Cars"
2194.22,4,11,2003,"Vintage Cars"
1972,4,11,2003,"Vintage Cars"
1835.98,4,11,2003,"Vintage Cars"
1119.93,4,12,2003,"Vintage Cars"
2082.88,1,1,2004,"Vintage Cars"
1569.75,1,3,2004,"Vintage Cars"
2694.15,2,5,2004,"Vintage Cars"
1257.27,2,6,2004,"Vintage Cars"
2567.84,3,7,2004,"Vintage Cars"
2634.28,3,8,2004,"Vintage Cars"
1502.78,3,9,2004,"Vintage Cars"
1676.2,4,10,2004,"Vintage Cars"
2217.15,4,10,2004,"Vintage Cars"
6832.02,4,11,2004,"Vintage Cars"
1916.64,4,11,2004,"Vintage Cars"
7110.8,4,11,2004,"Vintage Cars"
5302.8,4,12,2004,"Vintage Cars"
2730,1,1,2005,"Vintage Cars"
7827.3,1,2,2005,"Vintage Cars"
2095.45,2,5,2005,"Vintage Cars"
1556.62,2,5,2005,"Vintage Cars"
5565.12,1,3,2003,"Classic Cars"
3583.16,2,5,2003,"Classic Cars"
4705.18,3,7,2003,"Classic Cars"
4444.54,3,9,2003,"Classic Cars"
4618.88,4,10,2003,"Classic Cars"
4910.4,4,11,2003,"Classic Cars"
5565.12,4,11,2003,"Classic Cars"
4237.76,4,11,2003,"Classic Cars"
5673.58,1,1,2004,"Classic Cars"
5260.15,1,2,2004,"Classic Cars"
6350.96,2,4,2004,"Classic Cars"
3559.4,2,5,2004,"Classic Cars"
2410.6,2,6,2004,"Classic Cars"
5713.92,3,8,2004,"Classic Cars"
4300.32,3,8,2004,"Classic Cars"
7947.31,3,9,2004,"Classic Cars"
5356.8,4,10,2004,"Classic Cars"
7901.1,4,11,2004,"Classic Cars"
6101,4,11,2004,"Classic Cars"
6276.46,4,11,2004,"Classic Cars"
4203.5,4,12,2004,"Classic Cars"
1629.04,1,1,2005,"Classic Cars"
3289.86,1,2,2005,"Classic Cars"
6862.94,1,3,2005,"Classic Cars"
2574.18,1,3,2003,"Classic Cars"
1327.79,2,5,2003,"Classic Cars"
2356.25,3,9,2003,"Classic Cars"
2013.5,4,10,2003,"Classic Cars"
2807.22,4,11,2003,"Classic Cars"
3072.96,4,11,2003,"Classic Cars"
1906.5,4,11,2003,"Classic Cars"
3431.7,4,12,2003,"Classic Cars"
2084.75,1,1,2004,"Classic Cars"
2136.01,1,3,2004,"Classic Cars"
2009.7,2,4,2004,"Classic Cars"
2719.8,3,7,2004,"Classic Cars"
1575.08,3,8,2004,"Classic Cars"
1688.43,3,9,2004,"Classic Cars"
1672.1,4,10,2003,"Classic Cars"
1674.75,4,10,2004,"Classic Cars"
3472.98,4,11,2004,"Classic Cars"
1649.18,4,11,2004,"Classic Cars"
3751,1,1,2005,"Classic Cars"
4536,1,2,2005,"Classic Cars"
4421.34,2,4,2005,"Classic Cars"
2078.28,2,5,2005,"Classic Cars"
3069,1,3,2003,"Classic Cars"
1713.8,2,5,2003,"Classic Cars"
1506.5,3,9,2003,"Classic Cars"
2692.12,4,10,2003,"Classic Cars"
2422.08,4,11,2003,"Classic Cars"
3488.34,4,11,2003,"Classic Cars"
2583.34,4,11,2003,"Classic Cars"
1249.4,4,12,2003,"Classic Cars"
3374.71,1,1,2004,"Classic Cars"
1265.46,1,2,2004,"Classic Cars"
1681.46,2,4,2004,"Classic Cars"
3204,3,7,2004,"Classic Cars"
2398.72,3,8,2004,"Classic Cars"
2381.04,3,9,2004,"Classic Cars"
1944.54,4,10,2003,"Classic Cars"
2273.7,4,10,2004,"Classic Cars"
2116.5,4,11,2004,"Classic Cars"
1307.32,4,11,2004,"Classic Cars"
1726.37,4,11,2004,"Classic Cars"
1267.77,1,1,2005,"Classic Cars"
3441.82,1,2,2005,"Classic Cars"
1987.18,2,4,2005,"Classic Cars"
3880.2,2,5,2005,"Classic Cars"
1942.15,1,1,2003,"Classic Cars"
3259.92,2,4,2003,"Classic Cars"
1213.8,2,6,2003,"Classic Cars"
1086.6,3,8,2003,"Classic Cars"
1632.75,3,9,2003,"Classic Cars"
1734,4,10,2003,"Classic Cars"
1857.06,4,11,2003,"Classic Cars"
1863.41,4,11,2003,"Classic Cars"
2924.68,4,11,2003,"Classic Cars"
2294.18,4,12,2003,"Classic Cars"
1457.82,1,2,2004,"Classic Cars"
1955.88,1,3,2004,"Classic Cars"
2314.4,2,5,2004,"Classic Cars"
1310.96,2,6,2004,"Classic Cars"
2913.3,3,7,2004,"Classic Cars"
1357.78,3,8,2004,"Classic Cars"
2150,3,9,2004,"Classic Cars"
2783.25,4,10,2004,"Classic Cars"
2339.92,4,10,2004,"Classic Cars"
1729,4,11,2004,"Classic Cars"
5972.4,4,11,2004,"Classic Cars"
2275.2,4,12,2004,"Classic Cars"
2673.44,4,12,2004,"Classic Cars"
2431.75,1,1,2005,"Classic Cars"
2018.72,1,2,2005,"Classic Cars"
1558.99,1,3,2005,"Classic Cars"
1104.6,2,5,2005,"Classic Cars"
2575.1,2,5,2005,"Classic Cars"
2845.75,1,2,2003,"Motorcycles"
3431.75,2,4,2003,"Motorcycles"
3273.9,3,7,2003,"Motorcycles"
4119.4,3,8,2003,"Motorcycles"
5355.68,4,10,2003,"Motorcycles"
5747.5,4,10,2003,"Motorcycles"
5355.36,4,11,2003,"Motorcycles"
2535.75,4,11,2003,"Motorcycles"
4351.23,4,12,2003,"Motorcycles"
2254,1,1,2004,"Motorcycles"
2921.28,1,2,2004,"Motorcycles"
2299,2,4,2004,"Motorcycles"
2637.18,2,5,2004,"Motorcycles"
4307.52,2,6,2004,"Motorcycles"
2153.76,3,7,2004,"Motorcycles"
3716.88,3,8,2004,"Motorcycles"
5455.76,3,9,2004,"Motorcycles"
2650.62,4,10,2004,"Motorcycles"
6437.28,4,11,2004,"Motorcycles"
2633.4,4,11,2004,"Motorcycles"
2278.53,4,11,2004,"Motorcycles"
4846,1,1,2005,"Motorcycles"
4197.1,1,2,2005,"Motorcycles"
4597.65,1,3,2005,"Motorcycles"
5287.7,2,4,2005,"Motorcycles"
3550.05,2,5,2005,"Motorcycles"
1721.73,1,3,2003,"Classic Cars"
2993.5,2,5,2003,"Classic Cars"
1295.06,3,7,2003,"Classic Cars"
2671.95,3,9,2003,"Classic Cars"
1226.59,4,10,2003,"Classic Cars"
1453.84,4,11,2003,"Classic Cars"
1830.22,4,11,2003,"Classic Cars"
2530.01,4,11,2003,"Classic Cars"
2241.45,4,12,2003,"Classic Cars"
2399.85,1,1,2004,"Classic Cars"
1557.72,1,2,2004,"Classic Cars"
845.25,2,4,2004,"Classic Cars"
1352.4,3,7,2004,"Classic Cars"
1584.8,3,8,2004,"Classic Cars"
2616,3,9,2004,"Classic Cars"
1129.04,4,10,2003,"Classic Cars"
2218.5,4,10,2004,"Classic Cars"
2028.48,4,11,2004,"Classic Cars"
1759.2,4,11,2004,"Classic Cars"
977.67,4,11,2004,"Classic Cars"
1463,1,1,2005,"Classic Cars"
3970.56,1,2,2005,"Classic Cars"
2576,2,4,2005,"Classic Cars"
2233.69,2,5,2005,"Classic Cars"
2481.64,1,2,2003,"Planes"
4651.53,2,4,2003,"Planes"
3858.1,2,6,2003,"Planes"
3501.6,3,8,2003,"Planes"
6433.7,4,10,2003,"Planes"
2658.96,1,1,2004,"Planes"
3608.76,1,2,2004,"Planes"
2214.67,2,4,2004,"Planes"
2747.53,2,5,2004,"Planes"
3310.92,2,6,2004,"Planes"
2380,3,7,2004,"Planes"
2310.88,3,8,2004,"Planes"
4061.76,3,9,2004,"Planes"
3493.7,4,10,2004,"Planes"
2872.25,4,11,2004,"Planes"
4114.38,4,11,2004,"Planes"
1063.65,4,11,2004,"Planes"
2008.44,4,12,2004,"Planes"
4328.6,1,2,2005,"Planes"
1376.43,1,3,2005,"Planes"
5552.16,1,3,2005,"Planes"
3659.02,2,4,2005,"Planes"
4165.61,2,5,2005,"Planes"
1404,1,1,2003,"Vintage Cars"
710.2,1,3,2003,"Vintage Cars"
1702.8,2,5,2003,"Vintage Cars"
1194.84,3,9,2003,"Vintage Cars"
1007.14,4,10,2003,"Vintage Cars"
977.43,4,11,2003,"Vintage Cars"
1436.76,4,11,2003,"Vintage Cars"
759.46,4,11,2003,"Vintage Cars"
1189.44,4,12,2003,"Vintage Cars"
683.8,1,1,2004,"Vintage Cars"
1226.82,1,3,2004,"Vintage Cars"
974.82,2,4,2004,"Vintage Cars"
577.6,3,8,2004,"Vintage Cars"
1106.93,3,9,2004,"Vintage Cars"
694.6,4,10,2004,"Vintage Cars"
1152.06,4,10,2004,"Vintage Cars"
2624,4,11,2004,"Vintage Cars"
3685.95,4,11,2004,"Vintage Cars"
703.6,4,11,2004,"Vintage Cars"
9720,4,12,2004,"Vintage Cars"
834.67,1,1,2005,"Vintage Cars"
2257.92,1,2,2005,"Vintage Cars"
8344.71,1,3,2005,"Vintage Cars"
1801.94,2,4,2005,"Vintage Cars"
1209.6,2,5,2005,"Vintage Cars"
3155.14,1,2,2003,"Motorcycles"
2848.86,2,4,2003,"Motorcycles"
3570.29,3,7,2003,"Motorcycles"
3902.41,3,8,2003,"Motorcycles"
1474.66,4,10,2003,"Motorcycles"
2186.89,4,10,2003,"Motorcycles"
1919.4,4,11,2003,"Motorcycles"
3656,4,11,2003,"Motorcycles"
1847,4,12,2003,"Motorcycles"
1851,1,1,2004,"Motorcycles"
2633.78,1,2,2004,"Motorcycles"
3153.6,2,4,2004,"Motorcycles"
2803.2,2,5,2004,"Motorcycles"
2311.02,2,6,2004,"Motorcycles"
2399.4,3,7,2004,"Motorcycles"
2733.12,3,8,2004,"Motorcycles"
2096.32,3,9,2004,"Motorcycles"
2971.34,4,10,2004,"Motorcycles"
2257.58,4,11,2004,"Motorcycles"
3493.91,4,11,2004,"Motorcycles"
4398.9,4,11,2004,"Motorcycles"
3595.62,1,1,2005,"Motorcycles"
2443.29,1,2,2005,"Motorcycles"
3988.6,1,3,2005,"Motorcycles"
5168.4,2,4,2005,"Motorcycles"
2803.2,2,5,2005,"Motorcycles"
6341.21,1,2,2003,"Ships"
5189.78,2,4,2003,"Ships"
6027.75,2,6,2003,"Ships"
3366,3,8,2003,"Ships"
5456.4,3,9,2003,"Ships"
3812.16,4,10,2003,"Ships"
6083,4,11,2003,"Ships"
3170.7,4,11,2003,"Ships"
4534.6,4,11,2003,"Ships"
4301.15,1,1,2004,"Ships"
6804.63,1,2,2004,"Ships"
5652.94,1,3,2004,"Ships"
6960.48,2,5,2004,"Ships"
4512.6,2,6,2004,"Ships"
2784.76,3,7,2004,"Ships"
5316.36,3,8,2004,"Ships"
2941.89,3,9,2004,"Ships"
3207.4,4,10,2004,"Ships"
4215.05,4,10,2004,"Ships"
4333.29,4,11,2004,"Ships"
2087.13,4,11,2004,"Ships"
1711.22,4,12,2004,"Ships"
3910.53,1,1,2005,"Ships"
2255.12,1,2,2005,"Ships"
5720.75,1,3,2005,"Ships"
3335.23,2,5,2005,"Ships"
2472.96,1,1,2003,"Vintage Cars"
1729.65,1,3,2003,"Vintage Cars"
995.5,2,5,2003,"Vintage Cars"
2414.72,3,9,2003,"Vintage Cars"
1560.47,4,10,2003,"Vintage Cars"
1112.94,4,11,2003,"Vintage Cars"
1138.94,4,11,2003,"Vintage Cars"
1012.4,4,11,2003,"Vintage Cars"
913.92,4,12,2003,"Vintage Cars"
2349.06,1,1,2004,"Vintage Cars"
1161.12,1,3,2004,"Vintage Cars"
1764.75,2,4,2004,"Vintage Cars"
1690.9,2,6,2004,"Vintage Cars"
2137.05,3,8,2004,"Vintage Cars"
2177.1,3,9,2004,"Vintage Cars"
1734.48,4,10,2004,"Vintage Cars"
865.49,4,10,2004,"Vintage Cars"
3500.1,4,11,2004,"Vintage Cars"
2223.52,4,11,2004,"Vintage Cars"
2311.68,4,11,2004,"Vintage Cars"
828.36,4,12,2004,"Vintage Cars"
856.52,1,1,2005,"Vintage Cars"
1845.45,1,2,2005,"Vintage Cars"
4042.08,1,3,2005,"Vintage Cars"
1828,2,5,2005,"Vintage Cars"
3680.28,1,1,2003,"Trucks and Buses"
2925.09,2,4,2003,"Trucks and Buses"
3415.77,2,5,2003,"Trucks and Buses"
5105.14,3,7,2003,"Trucks and Buses"
5098.8,3,9,2003,"Trucks and Buses"
4661.76,4,10,2003,"Trucks and Buses"
2969.96,4,11,2003,"Trucks and Buses"
3496.32,4,11,2003,"Trucks and Buses"
5760.93,4,11,2003,"Trucks and Buses"
6819.04,4,12,2003,"Trucks and Buses"
3148.88,1,2,2004,"Trucks and Buses"
5704.32,1,3,2004,"Trucks and Buses"
3520.6,2,5,2004,"Trucks and Buses"
5285.62,2,6,2004,"Trucks and Buses"
5605.05,3,7,2004,"Trucks and Buses"
2779.5,3,8,2004,"Trucks and Buses"
5398.08,3,9,2004,"Trucks and Buses"
3189.6,4,10,2004,"Trucks and Buses"
5581.8,4,10,2004,"Trucks and Buses"
3820.44,4,11,2004,"Trucks and Buses"
5528.04,4,11,2004,"Trucks and Buses"
5981.42,4,11,2004,"Trucks and Buses"
5684.65,4,12,2004,"Trucks and Buses"
3449.4,1,1,2005,"Trucks and Buses"
2654.4,1,2,2005,"Trucks and Buses"
8498,2,5,2005,"Trucks and Buses"
5510.54,2,5,2005,"Trucks and Buses"
2060.45,1,3,2003,"Motorcycles"
2460.16,2,5,2003,"Motorcycles"
1787.56,3,7,2003,"Motorcycles"
1645.65,3,8,2003,"Motorcycles"
2169.18,4,10,2003,"Motorcycles"
2816.18,4,11,2003,"Motorcycles"
2521.05,4,11,2003,"Motorcycles"
3199.98,4,11,2003,"Motorcycles"
1338.12,1,1,2004,"Motorcycles"
2972.58,1,2,2004,"Motorcycles"
2070.9,2,4,2004,"Motorcycles"
3092.6,2,5,2004,"Motorcycles"
2408.7,2,6,2004,"Motorcycles"
3472.54,3,8,2004,"Motorcycles"
2263.28,3,8,2004,"Motorcycles"
2194.17,3,9,2004,"Motorcycles"
1346.4,4,10,2004,"Motorcycles"
2533.63,4,11,2004,"Motorcycles"
3403.26,4,11,2004,"Motorcycles"
3307.2,4,11,2004,"Motorcycles"
2896.65,4,12,2004,"Motorcycles"
2632.89,1,1,2005,"Motorcycles"
2046,1,2,2005,"Motorcycles"
2279.55,1,3,2005,"Motorcycles"
2150.55,2,4,2005,"Motorcycles"
3360.45,1,3,2003,"Classic Cars"
2326.4,2,5,2003,"Classic Cars"
1545.6,3,9,2003,"Classic Cars"
2144.6,4,10,2003,"Classic Cars"
1639.22,4,11,2003,"Classic Cars"
2649.6,4,11,2003,"Classic Cars"
3845.6,4,11,2003,"Classic Cars"
4527.04,4,12,2003,"Classic Cars"
3966.3,1,1,2004,"Classic Cars"
4142.58,1,3,2004,"Classic Cars"
4441.5,2,4,2004,"Classic Cars"
3315.12,3,7,2004,"Classic Cars"
3918.53,3,8,2004,"Classic Cars"
2830.45,3,9,2004,"Classic Cars"
5298.86,4,10,2003,"Classic Cars"
2620.8,4,10,2004,"Classic Cars"
2181,4,11,2004,"Classic Cars"
3382.08,4,11,2004,"Classic Cars"
2876.75,4,11,2004,"Classic Cars"
4107.2,1,1,2005,"Classic Cars"
1350,1,2,2005,"Classic Cars"
7182,2,4,2005,"Classic Cars"
3933.93,2,5,2005,"Classic Cars"
1742.4,1,1,2003,"Classic Cars"
721.44,2,4,2003,"Classic Cars"
1489.41,2,6,2003,"Classic Cars"
891.03,3,8,2003,"Classic Cars"
1209.3,3,9,2003,"Classic Cars"
859.14,4,10,2003,"Classic Cars"
1151.44,4,11,2003,"Classic Cars"
1336.44,4,11,2003,"Classic Cars"
905.28,4,11,2003,"Classic Cars"
1247.4,4,12,2003,"Classic Cars"
846.51,1,2,2004,"Classic Cars"
1085.04,1,3,2004,"Classic Cars"
1767.43,2,5,2004,"Classic Cars"
1030.44,2,6,2004,"Classic Cars"
1585.36,3,7,2004,"Classic Cars"
813.2,3,8,2004,"Classic Cars"
1172.34,3,9,2004,"Classic Cars"
1510.56,4,10,2004,"Classic Cars"
1448.07,4,10,2004,"Classic Cars"
3338.1,4,11,2004,"Classic Cars"
1225.29,4,11,2004,"Classic Cars"
1336.68,4,12,2004,"Classic Cars"
2985.84,4,12,2004,"Classic Cars"
5545.8,1,1,2005,"Classic Cars"
6089.6,1,2,2005,"Classic Cars"
1789.4,1,3,2005,"Classic Cars"
1082.1,2,5,2005,"Classic Cars"
1030.44,2,5,2005,"Classic Cars"
3659.32,1,2,2003,"Planes"
2443.6,2,4,2003,"Planes"
2349.9,2,6,2003,"Planes"
1646.19,3,8,2003,"Planes"
1670.26,4,10,2003,"Planes"
1467.48,4,10,2003,"Planes"
2748.56,4,11,2003,"Planes"
1522.4,4,11,2003,"Planes"
3255.36,4,11,2003,"Planes"
3535.03,1,1,2004,"Planes"
2608.96,1,2,2004,"Planes"
1356.4,2,5,2004,"Planes"
1611.36,2,6,2004,"Planes"
2603.2,3,7,2004,"Planes"
2219.7,3,8,2004,"Planes"
1496.25,3,9,2004,"Planes"
1884,4,10,2004,"Planes"
2166.14,4,11,2004,"Planes"
2828.16,4,11,2004,"Planes"
6214.45,4,11,2004,"Planes"
1867,4,12,2004,"Planes"
2676.72,1,1,2005,"Planes"
2182.44,1,3,2005,"Planes"
1611.4,1,3,2005,"Planes"
1479.84,2,4,2005,"Planes"
1424.22,2,5,2005,"Planes"
5942.28,1,3,2003,"Classic Cars"
2348.75,2,5,2003,"Classic Cars"
4392.12,3,9,2003,"Classic Cars"
2759.75,4,10,2003,"Classic Cars"
2728.03,4,11,2003,"Classic Cars"
2395.8,4,11,2003,"Classic Cars"
3052.33,4,11,2003,"Classic Cars"
4242,4,12,2003,"Classic Cars"
2790.45,1,1,2004,"Classic Cars"
4340.49,1,3,2004,"Classic Cars"
2762.2,2,4,2004,"Classic Cars"
4645.72,3,7,2004,"Classic Cars"
5580.96,3,8,2004,"Classic Cars"
6539.04,3,9,2004,"Classic Cars"
5548.95,4,10,2003,"Classic Cars"
4595.41,4,10,2004,"Classic Cars"
1859.44,4,11,2004,"Classic Cars"
2093.76,4,11,2004,"Classic Cars"
4223.13,1,1,2005,"Classic Cars"
1596.76,1,2,2005,"Classic Cars"
5820.35,2,4,2005,"Classic Cars"
5296.5,2,5,2005,"Classic Cars"
930.9,1,3,2003,"Classic Cars"
1207.44,2,5,2003,"Classic Cars"
717.4,3,7,2003,"Classic Cars"
1066.75,3,9,2003,"Classic Cars"
1554,4,10,2003,"Classic Cars"
1277.64,4,11,2003,"Classic Cars"
1578.79,4,11,2003,"Classic Cars"
917.7,4,11,2003,"Classic Cars"
777,4,12,2003,"Classic Cars"
1476.28,1,1,2004,"Classic Cars"
1538.46,1,2,2004,"Classic Cars"
891.2,2,4,2004,"Classic Cars"
1706.8,2,6,2004,"Classic Cars"
1373.6,3,7,2004,"Classic Cars"
1205.59,3,8,2004,"Classic Cars"
1427.4,3,8,2004,"Classic Cars"
1649.28,4,10,2003,"Classic Cars"
1383.03,4,10,2004,"Classic Cars"
1229.51,4,11,2004,"Classic Cars"
1140.48,4,11,2004,"Classic Cars"
1575.6,4,11,2004,"Classic Cars"
1386.72,4,12,2004,"Classic Cars"
5018.4,1,1,2005,"Classic Cars"
5856.85,1,2,2005,"Classic Cars"
4894.73,1,3,2005,"Classic Cars"
2094.32,2,4,2005,"Classic Cars"
640.05,2,5,2005,"Classic Cars"
3193.52,1,2,2003,"Vintage Cars"
3066.7,2,4,2003,"Vintage Cars"
3883.11,2,6,2003,"Vintage Cars"
4814.25,3,8,2003,"Vintage Cars"
2826.27,4,10,2003,"Vintage Cars"
1593.2,4,10,2003,"Vintage Cars"
3266.1,4,11,2003,"Vintage Cars"
2453.55,4,11,2003,"Vintage Cars"
3910.4,4,11,2003,"Vintage Cars"
1788,1,1,2004,"Vintage Cars"
3328.07,1,2,2004,"Vintage Cars"
3788.4,1,3,2004,"Vintage Cars"
3053.7,2,5,2004,"Vintage Cars"
2005.74,2,6,2004,"Vintage Cars"
2796.12,3,7,2004,"Vintage Cars"
3159.96,3,8,2004,"Vintage Cars"
3908.62,3,9,2004,"Vintage Cars"
2606.48,4,10,2004,"Vintage Cars"
2081.76,4,10,2004,"Vintage Cars"
3519.85,4,11,2004,"Vintage Cars"
10758,4,11,2004,"Vintage Cars"
3021,4,12,2004,"Vintage Cars"
1891.56,1,1,2005,"Vintage Cars"
4208.41,1,2,2005,"Vintage Cars"
2246.4,1,3,2005,"Vintage Cars"
6107.4,2,5,2005,"Vintage Cars"
1987.74,1,3,2003,"Classic Cars"
4068.96,2,5,2003,"Classic Cars"
2282.22,3,9,2003,"Classic Cars"
1541,4,10,2003,"Classic Cars"
1951.92,4,11,2003,"Classic Cars"
3107.61,4,11,2003,"Classic Cars"
2328.64,4,11,2003,"Classic Cars"
3184.8,4,12,2003,"Classic Cars"
2149.74,1,1,2004,"Classic Cars"
3184.8,1,3,2004,"Classic Cars"
2114.58,2,4,2004,"Classic Cars"
4256.56,3,7,2004,"Classic Cars"
2344.98,3,8,2004,"Classic Cars"
2328.66,3,9,2004,"Classic Cars"
3575.04,4,10,2003,"Classic Cars"
2076,4,10,2004,"Classic Cars"
3305.25,4,11,2004,"Classic Cars"
1538.55,4,11,2004,"Classic Cars"
3325.92,4,11,2004,"Classic Cars"
3662.52,1,1,2005,"Classic Cars"
3478.64,1,2,2005,"Classic Cars"
1057.29,2,4,2005,"Classic Cars"
3385.9,2,5,2005,"Classic Cars"
1892.1,1,3,2003,"Classic Cars"
1707.14,2,5,2003,"Classic Cars"
1785.51,3,7,2003,"Classic Cars"
2057.4,3,9,2003,"Classic Cars"
3490,4,10,2003,"Classic Cars"
1707.14,4,11,2003,"Classic Cars"
1506.96,4,11,2003,"Classic Cars"
2880.48,4,11,2003,"Classic Cars"
2206.6,4,12,2003,"Classic Cars"
2351.04,1,1,2004,"Classic Cars"
1205.04,1,2,2004,"Classic Cars"
2935.15,2,4,2004,"Classic Cars"
1263.84,2,6,2004,"Classic Cars"
2935.15,3,7,2004,"Classic Cars"
1224.6,3,8,2004,"Classic Cars"
1359.4,3,8,2004,"Classic Cars"
1822.18,4,10,2003,"Classic Cars"
2163.72,4,10,2004,"Classic Cars"
1591.98,4,11,2004,"Classic Cars"
3078.5,4,11,2004,"Classic Cars"
2997.6,4,11,2004,"Classic Cars"
2747.8,4,12,2004,"Classic Cars"
2447.76,1,1,2005,"Classic Cars"
1910.84,1,2,2005,"Classic Cars"
2430.64,1,3,2005,"Classic Cars"
2896.3,2,5,2005,"Classic Cars"
1630.6,1,2,2003,"Vintage Cars"
1459.6,2,4,2003,"Vintage Cars"
1716.22,2,6,2003,"Vintage Cars"
2560.47,3,8,2003,"Vintage Cars"
1900.26,4,10,2003,"Vintage Cars"
2019.84,4,10,2003,"Vintage Cars"
1988.28,4,11,2003,"Vintage Cars"
1449.84,4,11,2003,"Vintage Cars"
1935.09,4,11,2003,"Vintage Cars"
2793.24,1,1,2004,"Vintage Cars"
3025.05,1,2,2004,"Vintage Cars"
1742.5,2,5,2004,"Vintage Cars"
3236.1,2,6,2004,"Vintage Cars"
1735.92,3,7,2004,"Vintage Cars"
2795.13,3,8,2004,"Vintage Cars"
1671.52,3,9,2004,"Vintage Cars"
1576.74,4,10,2004,"Vintage Cars"
3615.71,4,11,2004,"Vintage Cars"
1459.6,4,11,2004,"Vintage Cars"
2891.01,4,11,2004,"Vintage Cars"
2598.44,4,12,2004,"Vintage Cars"
3871.92,4,12,2004,"Vintage Cars"
3036,1,1,2005,"Vintage Cars"
2231.6,1,3,2005,"Vintage Cars"
2436.78,1,3,2005,"Vintage Cars"
2173.6,2,4,2005,"Vintage Cars"
1254.6,2,5,2005,"Vintage Cars"
3724.42,1,3,2003,"Classic Cars"
5203,2,5,2003,"Classic Cars"
3469.5,3,9,2003,"Classic Cars"
3148.2,4,10,2003,"Classic Cars"
2167.22,4,11,2003,"Classic Cars"
6244.07,4,11,2003,"Classic Cars"
5566,4,11,2003,"Classic Cars"
4368.96,4,12,2003,"Classic Cars"
4039.26,1,1,2004,"Classic Cars"
4420.32,1,2,2004,"Classic Cars"
2341.71,2,4,2004,"Classic Cars"
5110.98,3,7,2004,"Classic Cars"
6168,3,8,2004,"Classic Cars"
4873.26,3,9,2004,"Classic Cars"
2120.14,4,10,2003,"Classic Cars"
4236.14,4,10,2004,"Classic Cars"
1888.95,4,11,2004,"Classic Cars"
1152.58,4,11,2004,"Classic Cars"
2492.88,4,11,2004,"Classic Cars"
1991.6,1,1,2005,"Classic Cars"
3953.18,1,2,2005,"Classic Cars"
3729.39,2,4,2005,"Classic Cars"
2617.16,2,5,2005,"Classic Cars"
3983.5,1,2,2003,"Vintage Cars"
3169.95,2,4,2003,"Vintage Cars"
3899.5,2,6,2003,"Vintage Cars"
1851.73,3,8,2003,"Vintage Cars"
2513.41,4,10,2003,"Vintage Cars"
2431.94,4,10,2003,"Vintage Cars"
1514.52,4,11,2003,"Vintage Cars"
3079.44,4,11,2003,"Vintage Cars"
1900.36,4,11,2003,"Vintage Cars"
1974.06,1,1,2004,"Vintage Cars"
3703.46,1,2,2004,"Vintage Cars"
1755.13,2,5,2004,"Vintage Cars"
4273.29,2,6,2004,"Vintage Cars"
3984.96,3,7,2004,"Vintage Cars"
2407.68,3,8,2004,"Vintage Cars"
1697.3,3,9,2004,"Vintage Cars"
2011.02,4,10,2004,"Vintage Cars"
2306.25,4,11,2004,"Vintage Cars"
1845,4,11,2004,"Vintage Cars"
2493.12,4,11,2004,"Vintage Cars"
1508.5,4,12,2004,"Vintage Cars"
2394.3,1,1,2005,"Vintage Cars"
3164.98,1,2,2005,"Vintage Cars"
3351.09,1,3,2005,"Vintage Cars"
3064.32,2,4,2005,"Vintage Cars"
3891.81,2,5,2005,"Vintage Cars"
5448.8,1,3,2003,"Classic Cars"
5494.97,2,5,2003,"Classic Cars"
6336.07,3,7,2003,"Classic Cars"
2906.97,3,9,2003,"Classic Cars"
4767.7,4,10,2003,"Classic Cars"
3819.56,4,11,2003,"Classic Cars"
3861.75,4,11,2003,"Classic Cars"
6319.35,4,11,2003,"Classic Cars"
6996.42,4,12,2003,"Classic Cars"
6949.67,1,1,2004,"Classic Cars"
4550,1,2,2004,"Classic Cars"
4479.63,2,4,2004,"Classic Cars"
5148,2,6,2004,"Classic Cars"
2932.08,3,7,2004,"Classic Cars"
3159.75,3,8,2004,"Classic Cars"
4297.32,3,8,2004,"Classic Cars"
7723.5,4,10,2003,"Classic Cars"
5497.65,4,10,2004,"Classic Cars"
4052.88,4,11,2004,"Classic Cars"
3135.93,4,11,2004,"Classic Cars"
5013.54,4,11,2004,"Classic Cars"
5302.72,4,12,2004,"Classic Cars"
2931.98,1,1,2005,"Classic Cars"
1757.91,1,2,2005,"Classic Cars"
6763.05,1,3,2005,"Classic Cars"
11739.7,2,4,2005,"Classic Cars"
9240,2,5,2005,"Classic Cars"
3241.5,1,2,2003,"Planes"
1968.12,2,4,2003,"Planes"
4094.5,2,6,2003,"Planes"
1853.32,3,8,2003,"Planes"
3392.84,4,10,2003,"Planes"
1971.54,4,10,2003,"Planes"
2169.9,4,11,2003,"Planes"
2846.17,4,11,2003,"Planes"
2018.4,1,1,2004,"Planes"
2718.72,1,2,2004,"Planes"
1981.65,2,4,2004,"Planes"
3002.4,2,5,2004,"Planes"
2948.16,2,6,2004,"Planes"
3357.49,3,7,2004,"Planes"
1175.16,3,8,2004,"Planes"
2292.8,3,9,2004,"Planes"
3286.49,4,10,2004,"Planes"
2333.7,4,11,2004,"Planes"
2675.05,4,11,2004,"Planes"
4361.4,4,11,2004,"Planes"
2018.58,4,12,2004,"Planes"
3710.98,4,12,2004,"Planes"
2847,1,1,2005,"Planes"
3006.12,1,3,2005,"Planes"
2797.84,1,3,2005,"Planes"
3843.2,2,4,2005,"Planes"
1351.08,2,5,2005,"Planes"
1689.03,1,1,2003,"Vintage Cars"
1654.56,1,3,2003,"Vintage Cars"
1528.58,2,5,2003,"Vintage Cars"
1013.48,3,9,2003,"Vintage Cars"
1442.26,4,10,2003,"Vintage Cars"
1163.05,4,11,2003,"Vintage Cars"
971.98,4,11,2003,"Vintage Cars"
902.66,4,11,2003,"Vintage Cars"
1295.97,4,12,2003,"Vintage Cars"
1534.72,1,1,2004,"Vintage Cars"
1185.3,1,3,2004,"Vintage Cars"
1698.78,2,4,2004,"Vintage Cars"
1381.05,3,8,2004,"Vintage Cars"
1340.46,3,9,2004,"Vintage Cars"
965.04,4,10,2004,"Vintage Cars"
1093.99,4,10,2004,"Vintage Cars"
3166.84,4,11,2004,"Vintage Cars"
2143.68,4,11,2004,"Vintage Cars"
1717.64,1,1,2005,"Vintage Cars"
4086.29,1,2,2005,"Vintage Cars"
553.95,2,4,2005,"Vintage Cars"
652.35,2,5,2005,"Vintage Cars"
2921.62,1,1,2003,"Classic Cars"
5568.64,2,4,2003,"Classic Cars"
1939.8,2,6,2003,"Classic Cars"
3784.8,3,8,2003,"Classic Cars"
2802.09,3,9,2003,"Classic Cars"
2384.64,4,10,2003,"Classic Cars"
2915.66,4,11,2003,"Classic Cars"
5795.72,4,11,2003,"Classic Cars"
3699.88,4,11,2003,"Classic Cars"
2980.6,4,12,2003,"Classic Cars"
5032.74,1,2,2004,"Classic Cars"
4737.15,1,3,2004,"Classic Cars"
6311.2,2,5,2004,"Classic Cars"
3070.54,3,7,2004,"Classic Cars"
4797.39,3,8,2004,"Classic Cars"
3832.38,3,9,2004,"Classic Cars"
4641.48,4,10,2004,"Classic Cars"
4000.26,4,10,2004,"Classic Cars"
5325.76,4,11,2004,"Classic Cars"
4618.69,4,11,2004,"Classic Cars"
3182.97,4,12,2004,"Classic Cars"
2603.04,4,12,2004,"Classic Cars"
1408.96,1,1,2005,"Classic Cars"
1972.11,1,2,2005,"Classic Cars"
5207.75,1,3,2005,"Classic Cars"
4253.2,2,5,2005,"Classic Cars"
2873,1,1,2003,"Vintage Cars"
2253.68,1,3,2003,"Vintage Cars"
3576.12,2,5,2003,"Vintage Cars"
3276.13,3,7,2003,"Vintage Cars"
1811.4,3,9,2003,"Vintage Cars"
3845.1,4,10,2003,"Vintage Cars"
2571.14,4,11,2003,"Vintage Cars"
5035.11,4,11,2003,"Vintage Cars"
2279,4,11,2003,"Vintage Cars"
3213.87,4,12,2003,"Vintage Cars"
3532.23,1,1,2004,"Vintage Cars"
3406.59,1,3,2004,"Vintage Cars"
3467.2,2,4,2004,"Vintage Cars"
3628.94,2,6,2004,"Vintage Cars"
4674.72,3,7,2004,"Vintage Cars"
1656.69,3,8,2004,"Vintage Cars"
5171.4,3,9,2004,"Vintage Cars"
3342.57,4,10,2004,"Vintage Cars"
4884.88,4,10,2004,"Vintage Cars"
6267.69,4,11,2004,"Vintage Cars"
4424.16,4,11,2004,"Vintage Cars"
1962.09,4,11,2004,"Vintage Cars"
6847,4,12,2004,"Vintage Cars"
3476.8,1,1,2005,"Vintage Cars"
4592.61,1,2,2005,"Vintage Cars"
2208.92,2,5,2005,"Vintage Cars"
1657.76,1,2,2003,"Planes"
2479.21,2,4,2003,"Planes"
3565.92,2,6,2003,"Planes"
2797.41,3,8,2003,"Planes"
3756,4,10,2003,"Planes"
2840,1,1,2004,"Planes"
1716.26,1,2,2004,"Planes"
3245.6,2,4,2004,"Planes"
2760.94,2,5,2004,"Planes"
1808.4,2,6,2004,"Planes"
1682.37,3,7,2004,"Planes"
1491,3,8,2004,"Planes"
1666.35,3,9,2004,"Planes"
3666.08,4,10,2004,"Planes"
2916.2,4,11,2004,"Planes"
2616.98,4,11,2004,"Planes"
3390.8,4,11,2004,"Planes"
3146.5,4,12,2004,"Planes"
1561.5,4,12,2004,"Planes"
10039.6,1,2,2005,"Planes"
3167,1,3,2005,"Planes"
3521.25,1,3,2005,"Planes"
4219.28,2,4,2005,"Planes"
3581.76,2,5,2005,"Planes"
2130.01,1,3,2003,"Classic Cars"
2063.06,2,5,2003,"Classic Cars"
2008.13,3,7,2003,"Classic Cars"
2004.77,3,9,2003,"Classic Cars"
1543.3,4,10,2003,"Classic Cars"
2269.92,4,11,2003,"Classic Cars"
1991.92,4,11,2003,"Classic Cars"
2916.76,4,11,2003,"Classic Cars"
2027.52,1,1,2004,"Classic Cars"
3235.18,1,2,2004,"Classic Cars"
2062.94,2,4,2004,"Classic Cars"
3317.78,2,5,2004,"Classic Cars"
3913.69,2,6,2004,"Classic Cars"
3608.64,3,8,2004,"Classic Cars"
3524.8,3,8,2004,"Classic Cars"
2586.88,3,9,2004,"Classic Cars"
4753.49,4,10,2004,"Classic Cars"
3684.67,4,11,2004,"Classic Cars"
5715.4,4,11,2004,"Classic Cars"
3098.7,4,11,2004,"Classic Cars"
2670.92,4,12,2004,"Classic Cars"
5154.41,1,1,2005,"Classic Cars"
4894.17,1,2,2005,"Classic Cars"
2472.6,1,3,2005,"Classic Cars"
3224.31,1,1,2003,"Trucks and Buses"
3667.52,2,4,2003,"Trucks and Buses"
4141.33,2,5,2003,"Trucks and Buses"
2829.58,3,7,2003,"Trucks and Buses"
3068.55,3,9,2003,"Trucks and Buses"
2634.96,4,10,2003,"Trucks and Buses"
2436.72,4,11,2003,"Trucks and Buses"
4607.36,4,11,2003,"Trucks and Buses"
3598.99,4,11,2003,"Trucks and Buses"
3964.1,4,12,2003,"Trucks and Buses"
2244.9,1,2,2004,"Trucks and Buses"
2793,1,3,2004,"Trucks and Buses"
4133.64,2,5,2004,"Trucks and Buses"
3900.6,2,6,2004,"Trucks and Buses"
2743.04,3,7,2004,"Trucks and Buses"
2402.07,3,8,2004,"Trucks and Buses"
2178.54,3,9,2004,"Trucks and Buses"
3155.04,4,10,2004,"Trucks and Buses"
2366.28,4,10,2004,"Trucks and Buses"
1963.6,4,11,2004,"Trucks and Buses"
4746.28,4,11,2004,"Trucks and Buses"
6386.94,4,11,2004,"Trucks and Buses"
4428,4,12,2004,"Trucks and Buses"
4044.04,1,1,2005,"Trucks and Buses"
2708.42,1,2,2005,"Trucks and Buses"
2904.72,2,5,2005,"Trucks and Buses"
3553.88,2,5,2005,"Trucks and Buses"
1858,1,2,2003,"Motorcycles"
2461.36,2,4,2003,"Motorcycles"
2642.01,2,6,2003,"Motorcycles"
3098.7,3,8,2003,"Motorcycles"
3244.36,4,10,2003,"Motorcycles"
4351.16,4,11,2003,"Motorcycles"
3675.86,1,1,2004,"Motorcycles"
2475.27,1,2,2004,"Motorcycles"
4177.49,2,4,2004,"Motorcycles"
3282.28,2,5,2004,"Motorcycles"
2477.21,2,6,2004,"Motorcycles"
1883.93,3,7,2004,"Motorcycles"
3658.93,3,8,2004,"Motorcycles"
2856.88,3,9,2004,"Motorcycles"
1917.84,4,10,2004,"Motorcycles"
5305.36,4,11,2004,"Motorcycles"
2875.95,4,11,2004,"Motorcycles"
6482.85,4,11,2004,"Motorcycles"
3733.82,4,12,2004,"Motorcycles"
6576.5,1,1,2005,"Motorcycles"
6353.27,1,2,2005,"Motorcycles"
4175.6,1,3,2005,"Motorcycles"
4992.61,2,4,2005,"Motorcycles"
4764.6,2,5,2005,"Motorcycles"
1173.15,1,3,2003,"Motorcycles"
1384.46,2,5,2003,"Motorcycles"
1327.59,3,7,2003,"Motorcycles"
1109.8,3,8,2003,"Motorcycles"
1239,4,10,2003,"Motorcycles"
1035.58,4,11,2003,"Motorcycles"
1545.64,4,11,2003,"Motorcycles"
1517.54,4,11,2003,"Motorcycles"
1731.84,1,1,2004,"Motorcycles"
1695.49,1,2,2004,"Motorcycles"
1045.98,2,4,2004,"Motorcycles"
1738.08,2,5,2004,"Motorcycles"
651.8,2,6,2004,"Motorcycles"
988.47,3,8,2004,"Motorcycles"
1518.11,3,8,2004,"Motorcycles"
1013.76,3,9,2004,"Motorcycles"
1549.8,4,10,2004,"Motorcycles"
1108.38,4,11,2004,"Motorcycles"
4102.56,4,11,2004,"Motorcycles"
3713.16,4,11,2004,"Motorcycles"
1513.54,4,12,2004,"Motorcycles"
2317.44,1,1,2005,"Motorcycles"
3298.4,1,2,2005,"Motorcycles"
1826.96,1,3,2005,"Motorcycles"
1206.9,2,4,2005,"Motorcycles"
1666.7,1,1,2003,"Trucks and Buses"
1560.44,2,4,2003,"Trucks and Buses"
2337.75,2,6,2003,"Trucks and Buses"
1103.76,3,8,2003,"Trucks and Buses"
2617.85,3,9,2003,"Trucks and Buses"
2207.52,4,10,2003,"Trucks and Buses"
3165.5,4,11,2003,"Trucks and Buses"
2071.41,4,11,2003,"Trucks and Buses"
1385.28,4,11,2003,"Trucks and Buses"
1621.62,4,12,2003,"Trucks and Buses"
1931.65,1,2,2004,"Trucks and Buses"
1244.53,1,3,2004,"Trucks and Buses"
1704.5,2,5,2004,"Trucks and Buses"
1753.2,2,6,2004,"Trucks and Buses"
1666.7,3,7,2004,"Trucks and Buses"
1710.89,3,8,2004,"Trucks and Buses"
2326.5,3,9,2004,"Trucks and Buses"
2316,4,10,2004,"Trucks and Buses"
1727.1,4,10,2004,"Trucks and Buses"
8844.12,4,11,2004,"Trucks and Buses"
2424,4,11,2004,"Trucks and Buses"
1535.49,4,12,2004,"Trucks and Buses"
6358.68,4,12,2004,"Trucks and Buses"
1329.4,1,1,2005,"Trucks and Buses"
1701.76,1,2,2005,"Trucks and Buses"
2259.72,1,3,2005,"Trucks and Buses"
925.3,2,5,2005,"Trucks and Buses"
482.13,2,5,2005,"Trucks and Buses"
3227.63,1,1,2003,"Trains"
1711.26,2,4,2003,"Trains"
2054.36,2,6,2003,"Trains"
3131.94,3,8,2003,"Trains"
1681.35,3,9,2003,"Trains"
2351.36,4,10,2003,"Trains"
1408,4,11,2003,"Trains"
2445.6,4,11,2003,"Trains"
1804.44,4,11,2003,"Trains"
2544.75,4,12,2003,"Trains"
1056.4,1,2,2004,"Trains"
2801.4,1,3,2004,"Trains"
1988.4,2,5,2004,"Trains"
2908.35,3,7,2004,"Trains"
2147.4,3,8,2004,"Trains"
2099.63,3,9,2004,"Trains"
2315.18,4,10,2004,"Trains"
2327.15,4,10,2004,"Trains"
5377.4,4,11,2004,"Trains"
2626.01,4,11,2004,"Trains"
4406.4,4,12,2004,"Trains"
4301.22,4,12,2004,"Trains"
2986.5,1,1,2005,"Trains"
1587.08,1,2,2005,"Trains"
1808.4,1,3,2005,"Trains"
1193.04,2,5,2005,"Trains"
3403.35,1,1,2003,"Trucks and Buses"
1575.96,1,3,2003,"Trucks and Buses"
1630.2,2,5,2003,"Trucks and Buses"
1701.28,3,7,2003,"Trucks and Buses"
2850.82,3,9,2003,"Trucks and Buses"
2692.06,4,10,2003,"Trucks and Buses"
2174.42,4,11,2003,"Trucks and Buses"
3167.36,4,11,2003,"Trucks and Buses"
2142.66,4,11,2003,"Trucks and Buses"
2117.52,4,12,2003,"Trucks and Buses"
2419.95,1,2,2004,"Trucks and Buses"
2191.2,1,3,2004,"Trucks and Buses"
3043.04,2,5,2004,"Trucks and Buses"
1228.2,2,6,2004,"Trucks and Buses"
1330.35,3,7,2004,"Trucks and Buses"
2792.52,3,8,2004,"Trucks and Buses"
2296,3,9,2004,"Trucks and Buses"
2629.44,4,10,2004,"Trucks and Buses"
1912.16,4,10,2004,"Trucks and Buses"
8209.44,4,11,2004,"Trucks and Buses"
2431.77,4,11,2004,"Trucks and Buses"
3139.99,4,11,2004,"Trucks and Buses"
5669.64,4,12,2004,"Trucks and Buses"
3160.25,1,1,2005,"Trucks and Buses"
6799.68,1,2,2005,"Trucks and Buses"
1867.32,2,5,2005,"Trucks and Buses"
2702.04,2,5,2005,"Trucks and Buses"
2406.36,1,2,2003,"Vintage Cars"
2094.67,2,4,2003,"Vintage Cars"
2797.9,2,6,2003,"Vintage Cars"
1637.2,3,8,2003,"Vintage Cars"
2281.91,4,10,2003,"Vintage Cars"
2307.24,1,1,2004,"Vintage Cars"
1320.8,1,2,2004,"Vintage Cars"
2642.82,2,4,2004,"Vintage Cars"
3061,2,5,2004,"Vintage Cars"
3164.4,2,6,2004,"Vintage Cars"
1791.16,3,7,2004,"Vintage Cars"
4093,3,8,2004,"Vintage Cars"
2234.4,3,9,2004,"Vintage Cars"
3037.84,4,10,2004,"Vintage Cars"
1419.84,4,11,2004,"Vintage Cars"
1948.08,4,11,2004,"Vintage Cars"
2307.24,4,11,2004,"Vintage Cars"
1780.4,4,12,2004,"Vintage Cars"
3544.17,4,12,2004,"Vintage Cars"
3619.44,1,2,2005,"Vintage Cars"
3918.95,1,3,2005,"Vintage Cars"
1483.02,1,3,2005,"Vintage Cars"
4819.26,2,4,2005,"Vintage Cars"
1591.72,2,5,2005,"Vintage Cars"
3669.78,1,3,2003,"Motorcycles"
2168.5,2,5,2003,"Motorcycles"
2694,3,7,2003,"Motorcycles"
3251.34,3,8,2003,"Motorcycles"
2347.15,4,10,2003,"Motorcycles"
3920.88,4,11,2003,"Motorcycles"
2514.6,4,11,2003,"Motorcycles"
3600.24,4,11,2003,"Motorcycles"
4040.03,1,1,2004,"Motorcycles"
3336.9,1,2,2004,"Motorcycles"
3113.64,2,4,2004,"Motorcycles"
2832,2,5,2004,"Motorcycles"
3330.98,2,6,2004,"Motorcycles"
4304.64,3,8,2004,"Motorcycles"
2600.26,3,8,2004,"Motorcycles"
4382.16,3,9,2004,"Motorcycles"
4235,4,10,2004,"Motorcycles"
2626.8,4,11,2004,"Motorcycles"
5026.56,4,11,2004,"Motorcycles"
2201.62,4,11,2004,"Motorcycles"
4326.8,4,12,2004,"Motorcycles"
3425.18,1,1,2005,"Motorcycles"
4701.88,1,2,2005,"Motorcycles"
2204.1,1,3,2005,"Motorcycles"
5189.4,2,4,2005,"Motorcycles"
1565.85,1,2,2003,"Vintage Cars"
2480.38,2,4,2003,"Vintage Cars"
1355.13,2,6,2003,"Vintage Cars"
1246.44,3,8,2003,"Vintage Cars"
820.4,4,10,2003,"Vintage Cars"
2492.64,4,10,2003,"Vintage Cars"
1113.6,4,12,2003,"Vintage Cars"
1763.86,1,1,2004,"Vintage Cars"
1896.66,1,2,2004,"Vintage Cars"
1449.35,2,4,2004,"Vintage Cars"
1869.48,2,5,2004,"Vintage Cars"
1860.53,2,6,2004,"Vintage Cars"
1724.82,3,7,2004,"Vintage Cars"
1713.69,3,8,2004,"Vintage Cars"
1259.44,3,9,2004,"Vintage Cars"
2051.08,4,10,2004,"Vintage Cars"
1617.38,4,11,2004,"Vintage Cars"
1765.62,4,11,2004,"Vintage Cars"
2024.8,4,11,2004,"Vintage Cars"
3288.4,4,12,2004,"Vintage Cars"
2725.47,4,12,2004,"Vintage Cars"
3224.2,1,2,2005,"Vintage Cars"
3211.38,1,3,2005,"Vintage Cars"
1796.34,1,3,2005,"Vintage Cars"
1979.6,2,4,2005,"Vintage Cars"
1921.41,2,5,2005,"Vintage Cars"
3705.24,1,1,2003,"Trucks and Buses"
2843.91,2,4,2003,"Trucks and Buses"
6176.42,2,6,2003,"Trucks and Buses"
5500.44,3,8,2003,"Trucks and Buses"
3220.1,3,9,2003,"Trucks and Buses"
4556.16,4,10,2003,"Trucks and Buses"
3114.89,4,11,2003,"Trucks and Buses"
4948.2,4,11,2003,"Trucks and Buses"
5161.17,4,11,2003,"Trucks and Buses"
2657.76,4,12,2003,"Trucks and Buses"
3983.05,1,2,2004,"Trucks and Buses"
3974.94,1,3,2004,"Trucks and Buses"
2928.42,2,5,2004,"Trucks and Buses"
3054.57,2,6,2004,"Trucks and Buses"
3345.26,3,7,2004,"Trucks and Buses"
4310.72,3,8,2004,"Trucks and Buses"
4983.14,3,9,2004,"Trucks and Buses"
4618.32,4,10,2004,"Trucks and Buses"
3403.12,4,10,2004,"Trucks and Buses"
5190.42,4,11,2004,"Trucks and Buses"
3141.57,4,11,2004,"Trucks and Buses"
2213.4,4,12,2004,"Trucks and Buses"
4896.7,4,12,2004,"Trucks and Buses"
2714.4,1,1,2005,"Trucks and Buses"
3087.05,1,2,2005,"Trucks and Buses"
5692.96,1,3,2005,"Trucks and Buses"
3460.86,2,5,2005,"Trucks and Buses"
1895.94,2,5,2005,"Trucks and Buses"
1705.92,1,1,2003,"Trains"
1033.41,2,4,2003,"Trains"
3179.52,2,6,2003,"Trains"
2091.18,3,8,2003,"Trains"
1779.71,3,9,2003,"Trains"
2537.64,4,10,2003,"Trains"
2448.72,4,11,2003,"Trains"
972.4,4,11,2003,"Trains"
2856.14,4,11,2003,"Trains"
1968.3,1,1,2004,"Trains"
2056.2,1,2,2004,"Trains"
2242.02,1,3,2004,"Trains"
3128.65,2,5,2004,"Trains"
2443.26,3,7,2004,"Trains"
2470.86,3,8,2004,"Trains"
1927.45,3,9,2004,"Trains"
2051.56,4,10,2004,"Trains"
2337.38,4,10,2004,"Trains"
5932.96,4,11,2004,"Trains"
2296.77,4,11,2004,"Trains"
6490.88,4,12,2004,"Trains"
1623.25,4,12,2004,"Trains"
1405.92,1,1,2005,"Trains"
2282.28,1,2,2005,"Trains"
8977.05,1,3,2005,"Trains"
3256.35,2,5,2005,"Trains"
2821.66,1,3,2003,"Motorcycles"
3293.4,2,5,2003,"Motorcycles"
4224,3,7,2003,"Motorcycles"
3091.68,3,8,2003,"Motorcycles"
2219.6,4,10,2003,"Motorcycles"
3866.4,4,11,2003,"Motorcycles"
1964.76,4,11,2003,"Motorcycles"
2668.8,4,11,2003,"Motorcycles"
3222,1,1,2004,"Motorcycles"
3864.5,1,2,2004,"Motorcycles"
1366.8,2,4,2004,"Motorcycles"
3475.68,2,5,2004,"Motorcycles"
4206.5,2,6,2004,"Motorcycles"
1486.38,3,8,2004,"Motorcycles"
3077.88,3,8,2004,"Motorcycles"
3544.2,3,9,2004,"Motorcycles"
2483.04,4,10,2004,"Motorcycles"
3478.05,4,11,2004,"Motorcycles"
3657.8,4,11,2004,"Motorcycles"
4682.36,4,11,2004,"Motorcycles"
3937.7,4,12,2004,"Motorcycles"
4984.32,1,1,2005,"Motorcycles"
5406.66,1,2,2005,"Motorcycles"
3491.18,1,3,2005,"Motorcycles"
2118.54,2,4,2005,"Motorcycles"
2897.47,1,2,2003,"Ships"
1916.75,2,4,2003,"Ships"
1860,2,6,2003,"Ships"
2624,3,8,2003,"Ships"
2780.81,3,9,2003,"Ships"
3239.62,4,10,2003,"Ships"
1824,4,11,2003,"Ships"
1134,4,11,2003,"Ships"
1487.41,4,11,2003,"Ships"
2837.46,1,1,2004,"Ships"
1942.77,1,2,2004,"Ships"
2544.12,1,3,2004,"Ships"
2568.24,2,5,2004,"Ships"
2108,2,6,2004,"Ships"
1372.14,3,7,2004,"Ships"
3540.15,3,8,2004,"Ships"
1958.84,3,9,2004,"Ships"
2700,4,10,2004,"Ships"
2542,4,10,2004,"Ships"
2340,4,11,2004,"Ships"
2816.44,4,11,2004,"Ships"
3526.82,4,12,2004,"Ships"
4627.92,1,1,2005,"Ships"
1933.5,1,2,2005,"Ships"
2600.13,1,3,2005,"Ships"
2639.58,2,5,2005,"Ships"
3312.97,1,2,2003,"Planes"
3863.87,2,4,2003,"Planes"
1863.36,2,6,2003,"Planes"
3945.96,3,8,2003,"Planes"
4954.08,4,10,2003,"Planes"
2762.2,4,10,2003,"Planes"
3989.76,4,12,2003,"Planes"
1649.55,1,1,2004,"Planes"
2534.75,1,2,2004,"Planes"
2580.25,2,4,2004,"Planes"
2831.54,2,5,2004,"Planes"
3361.2,2,6,2004,"Planes"
2864.32,3,7,2004,"Planes"
1994.88,3,8,2004,"Planes"
4296.6,3,9,2004,"Planes"
2224.95,4,10,2004,"Planes"
2795.14,4,11,2004,"Planes"
2762.1,4,11,2004,"Planes"
2658,4,11,2004,"Planes"
5043.87,4,12,2004,"Planes"
1210.8,4,12,2004,"Planes"
3029.19,1,2,2005,"Planes"
10066.6,1,3,2005,"Planes"
4121.43,1,3,2005,"Planes"
1135.31,2,4,2005,"Planes"
2100.82,2,5,2005,"Planes"
2034.35,1,2,2003,"Ships"
3027.84,2,4,2003,"Ships"
3104,2,6,2003,"Ships"
3612.43,3,8,2003,"Ships"
2711.88,3,9,2003,"Ships"
3013.97,4,10,2003,"Ships"
2738.54,4,11,2003,"Ships"
2832,4,11,2003,"Ships"
4720,4,11,2003,"Ships"
3222,1,1,2004,"Ships"
2231,1,2,2004,"Ships"
2296.84,1,3,2004,"Ships"
4157.2,2,5,2004,"Ships"
2146.2,3,7,2004,"Ships"
3724.23,3,8,2004,"Ships"
2084.81,3,9,2004,"Ships"
3488.78,4,10,2004,"Ships"
1753.06,4,10,2004,"Ships"
3469.2,4,11,2004,"Ships"
2530.8,4,11,2004,"Ships"
2924.32,4,12,2004,"Ships"
4496.8,1,1,2005,"Ships"
6397.44,1,2,2005,"Ships"
2577.6,1,3,2005,"Ships"
3533.62,2,5,2005,"Ships"
3177.3,1,2,2003,"Ships"
2730.06,2,4,2003,"Ships"
1891.78,2,6,2003,"Ships"
2612.48,3,8,2003,"Ships"
2925.76,4,10,2003,"Ships"
2940.02,4,10,2003,"Ships"
3293.24,4,11,2003,"Ships"
2389.68,4,11,2003,"Ships"
2172.48,4,11,2003,"Ships"
2927.43,1,1,2004,"Ships"
2659.54,1,2,2004,"Ships"
3838,2,5,2004,"Ships"
4142.16,2,6,2004,"Ships"
2172.48,3,7,2004,"Ships"
1882.8,3,8,2004,"Ships"
3477.86,3,9,2004,"Ships"
3323.84,4,10,2004,"Ships"
4195.8,4,11,2004,"Ships"
4156.58,4,11,2004,"Ships"
3918.75,4,11,2004,"Ships"
2352.67,4,12,2004,"Ships"
1089.36,4,12,2004,"Ships"
2701.12,1,1,2005,"Ships"
2487.04,1,3,2005,"Ships"
3910.32,1,3,2005,"Ships"
4038.8,2,4,2005,"Ships"
3070.4,2,5,2005,"Ships"
3763.46,1,2,2003,"Planes"
2584.8,2,4,2003,"Planes"
4427.6,2,6,2003,"Planes"
2152.02,3,8,2003,"Planes"
2353.4,4,10,2003,"Planes"
3431.39,4,10,2003,"Planes"
1930.5,4,11,2003,"Planes"
4774.56,4,11,2003,"Planes"
2592.72,1,1,2004,"Planes"
3246.75,1,2,2004,"Planes"
3372.5,2,4,2004,"Planes"
3909.15,2,5,2004,"Planes"
2994.75,2,6,2004,"Planes"
4472.52,3,7,2004,"Planes"
4576.95,3,8,2004,"Planes"
2441.04,3,9,2004,"Planes"
3106.25,4,10,2004,"Planes"
2706.41,4,11,2004,"Planes"
4021.53,4,11,2004,"Planes"
4826.25,4,11,2004,"Planes"
4935.28,4,12,2004,"Planes"
2754.7,4,12,2004,"Planes"
3856.71,1,2,2005,"Planes"
3102.08,1,3,2005,"Planes"
1908.72,1,3,2005,"Planes"
7543.75,2,4,2005,"Planes"
2457.18,2,5,2005,"Planes"
2038.87,1,2,2003,"Ships"
2499.26,2,4,2003,"Ships"
3838.05,2,6,2003,"Ships"
2643.99,3,8,2003,"Ships"
2315.88,4,10,2003,"Ships"
3225.06,4,10,2003,"Ships"
2451.84,4,11,2003,"Ships"
2254.98,4,11,2003,"Ships"
3939.5,4,11,2003,"Ships"
3424.7,1,1,2004,"Ships"
2914.2,1,2,2004,"Ships"
2389.6,1,3,2004,"Ships"
2428.48,2,5,2004,"Ships"
3021.48,2,6,2004,"Ships"
2610.72,3,7,2004,"Ships"
3091.19,3,8,2004,"Ships"
2576.2,3,9,2004,"Ships"
3232.31,4,10,2004,"Ships"
3573.6,4,11,2004,"Ships"
2022.51,4,11,2004,"Ships"
3717.5,4,11,2004,"Ships"
2185.15,4,12,2004,"Ships"
2883.53,1,1,2005,"Ships"
5017.57,1,3,2005,"Ships"
1463,1,3,2005,"Ships"
2352.59,2,5,2005,"Ships"
4460.82,1,1,2003,"Classic Cars"
4758.18,2,4,2003,"Classic Cars"
4597.2,2,5,2003,"Classic Cars"
4114.8,3,7,2003,"Classic Cars"
2104,3,9,2003,"Classic Cars"
3195.27,4,10,2003,"Classic Cars"
3611.16,4,11,2003,"Classic Cars"
2000.77,4,11,2003,"Classic Cars"
2314.26,4,11,2003,"Classic Cars"
3871.89,4,12,2003,"Classic Cars"
2728,1,2,2004,"Classic Cars"
5614,1,3,2004,"Classic Cars"
4628.8,2,5,2004,"Classic Cars"
3641.4,2,6,2004,"Classic Cars"
4048,3,7,2004,"Classic Cars"
2321.46,3,8,2004,"Classic Cars"
3256.96,3,9,2004,"Classic Cars"
4208,4,10,2004,"Classic Cars"
2973.9,4,10,2004,"Classic Cars"
4248.3,4,11,2004,"Classic Cars"
9558.8,4,11,2004,"Classic Cars"
2650.56,4,11,2004,"Classic Cars"
3761.37,4,12,2004,"Classic Cars"
4301.34,1,1,2005,"Classic Cars"
1864.56,1,2,2005,"Classic Cars"
3576.8,2,5,2005,"Classic Cars"
3722.32,2,5,2005,"Classic Cars"
3986.56,1,2,2003,"Planes"
3417.12,2,4,2003,"Planes"
2691.09,2,6,2003,"Planes"
2752.6,3,8,2003,"Planes"
4527.72,4,10,2003,"Planes"
3957.05,4,11,2003,"Planes"
2818,1,1,2004,"Planes"
3199.86,1,2,2004,"Planes"
2402.75,2,4,2004,"Planes"
6055.72,2,5,2004,"Planes"
5465.16,2,6,2004,"Planes"
6378.72,3,7,2004,"Planes"
5392.8,3,8,2004,"Planes"
3986.5,3,9,2004,"Planes"
4009.23,4,10,2004,"Planes"
7119,4,11,2004,"Planes"
4072.2,4,11,2004,"Planes"
4094.51,4,11,2004,"Planes"
3302.4,4,12,2004,"Planes"
3186.48,4,12,2004,"Planes"
1668.25,1,2,2005,"Planes"
7154.5,1,3,2005,"Planes"
2810.83,1,3,2005,"Planes"
2018.31,2,4,2005,"Planes"
5642.83,2,5,2005,"Planes"
3273.6,1,2,2003,"Planes"
3268,2,4,2003,"Planes"
2688,3,8,2003,"Planes"
3715.2,4,10,2003,"Planes"
4608,4,10,2003,"Planes"
3131.2,4,12,2003,"Planes"
2678.4,1,1,2004,"Planes"
1747.2,1,2,2004,"Planes"
2944,2,4,2004,"Planes"
2956.8,2,5,2004,"Planes"
2052,2,6,2004,"Planes"
3164.8,3,7,2004,"Planes"
1740,3,8,2004,"Planes"
1777.6,3,9,2004,"Planes"
1831.2,4,10,2004,"Planes"
3609.6,4,11,2004,"Planes"
2112,4,11,2004,"Planes"
3644.12,4,11,2004,"Planes"
3523.85,4,12,2004,"Planes"
5001.92,4,12,2004,"Planes"
5208.72,1,2,2005,"Planes"
3018.88,1,3,2005,"Planes"
1902.4,1,3,2005,"Planes"
7084,2,4,2005,"Planes"
2620.8,2,5,2005,"Planes"
3164.46,1,2,2003,"Ships"
4219.2,2,4,2003,"Ships"
3828.3,2,6,2003,"Ships"
2334.99,3,8,2003,"Ships"
4407.5,3,9,2003,"Ships"
2812.8,4,10,2003,"Ships"
4055.04,4,11,2003,"Ships"
3891.66,4,11,2003,"Ships"
2488.32,4,11,2003,"Ships"
4447.4,1,1,2004,"Ships"
4187.22,1,2,2004,"Ships"
4615.68,1,3,2004,"Ships"
3245.4,2,5,2004,"Ships"
2203.75,2,6,2004,"Ships"
3446,3,7,2004,"Ships"
1939.3,3,8,2004,"Ships"
3473.78,3,9,2004,"Ships"
2884.8,4,10,2004,"Ships"
2670.65,4,10,2004,"Ships"
3440,4,11,2004,"Ships"
2770.78,4,11,2004,"Ships"
2397.54,4,12,2004,"Ships"
3275.56,1,1,2005,"Ships"
4143.6,1,3,2005,"Ships"
5192.64,1,3,2005,"Ships"
3029.04,2,5,2005,"Ships"
2556.18,1,2,2003,"Ships"
3753.9,2,4,2003,"Ships"
2562.3,2,6,2003,"Ships"
3245.58,3,8,2003,"Ships"
2204.6,3,9,2003,"Ships"
3003,4,10,2003,"Ships"
2526.48,4,11,2003,"Ships"
1747.9,4,11,2003,"Ships"
3267.25,4,11,2003,"Ships"
2818.53,1,1,2004,"Ships"
2955.54,1,2,2004,"Ships"
2885.05,1,3,2004,"Ships"
3162.95,2,5,2004,"Ships"
4071.5,2,6,2004,"Ships"
2969.46,3,7,2004,"Ships"
3396.44,3,8,2004,"Ships"
4692.6,3,9,2004,"Ships"
3515.7,4,10,2004,"Ships"
3380.69,4,10,2004,"Ships"
3204.57,4,11,2004,"Ships"
2588.04,4,11,2004,"Ships"
2854.75,4,12,2004,"Ships"
4025.6,1,1,2005,"Ships"
2864.4,1,3,2005,"Ships"
3789.72,1,3,2005,"Ships"
2439.99,2,5,2005,"Ships"
2949.12,1,2,2003,"Planes"
1539.72,2,4,2003,"Planes"
2213.38,2,6,2003,"Planes"
2919.58,3,8,2003,"Planes"
3778.28,4,10,2003,"Planes"
3233.49,4,10,2003,"Planes"
3431.25,4,11,2003,"Planes"
2546.8,4,11,2003,"Planes"
2953.86,1,1,2004,"Planes"
3183.29,1,2,2004,"Planes"
2466.7,2,4,2004,"Planes"
2363.22,2,5,2004,"Planes"
2487.45,2,6,2004,"Planes"
2249.05,3,7,2004,"Planes"
2061.12,3,8,2004,"Planes"
4071.14,3,9,2004,"Planes"
2656.29,4,10,2004,"Planes"
2736.36,4,11,2004,"Planes"
3348.93,4,11,2004,"Planes"
2893,4,11,2004,"Planes"
1661.22,4,12,2004,"Planes"
4277.35,4,12,2004,"Planes"
2502.9,1,1,2005,"Planes"
3801.6,1,3,2005,"Planes"
3144.96,1,3,2005,"Planes"
2031.4,2,4,2005,"Planes"
2674.17,2,5,2005,"Planes"
2526.72,1,2,2003,"Planes"
1348.76,2,4,2003,"Planes"
875.91,2,6,2003,"Planes"
1874.05,3,8,2003,"Planes"
1671.44,4,10,2003,"Planes"
1668.4,4,10,2003,"Planes"
2301.75,4,11,2003,"Planes"
1459.92,4,11,2003,"Planes"
1209.59,4,11,2003,"Planes"
2145.12,1,1,2004,"Planes"
1416.39,1,2,2004,"Planes"
1843.52,2,5,2004,"Planes"
1199.31,2,6,2004,"Planes"
1875.2,3,7,2004,"Planes"
2477.23,3,8,2004,"Planes"
948.99,3,9,2004,"Planes"
1823.42,4,10,2004,"Planes"
1485.8,4,11,2004,"Planes"
3789.72,4,11,2004,"Planes"
2060.37,4,11,2004,"Planes"
2579.36,4,12,2004,"Planes"
2189.6,4,12,2004,"Planes"
1624.25,1,1,2005,"Planes"
4357.5,1,3,2005,"Planes"
1367.48,1,3,2005,"Planes"
1122.4,2,4,2005,"Planes"
2419.62,2,5,2005,"Planes"
1419.5,1,2,2003,"Ships"
2184,2,4,2003,"Ships"
2079.04,2,6,2003,"Ships"
1724.97,3,8,2003,"Ships"
3003,3,9,2003,"Ships"
1846.42,4,10,2003,"Ships"
2009.2,4,11,2003,"Ships"
1804.04,4,11,2003,"Ships"
2109.66,4,11,2003,"Ships"
2682.96,1,1,2004,"Ships"
2280.24,1,2,2004,"Ships"
1192.56,1,3,2004,"Ships"
1506.96,2,5,2004,"Ships"
1472.62,2,6,2004,"Ships"
1696.82,3,7,2004,"Ships"
1693.56,3,8,2004,"Ships"
1921.92,3,9,2004,"Ships"
2082.85,4,10,2004,"Ships"
2227.6,4,10,2004,"Ships"
3209.38,4,11,2004,"Ships"
4080.72,4,11,2004,"Ships"
2244.4,4,12,2004,"Ships"
3978.51,1,1,2005,"Ships"
5417.57,1,3,2005,"Ships"
2116.16,1,3,2005,"Ships"
3079.44,2,5,2005,"Ships"
